<?xml version="1.0" encoding="UTF-8" standalone="no" ?>
<gpx creator="WTracks"
    xmlns:xsi="http://www.w3.org/2001/XMLSchema-instance" xmlns="http://www.topografix.com/GPX/1/1" version="1.1" xsi:schemaLocation="http://www.topografix.com/GPX/1/1 http://www.topografix.com/GPX/1/1/gpx.xsd">
<metadata>
  <name>Kt8D4h079q0</name>
  <desc></desc>
  <author><name>WTracks</name></author>
  <link href='https://opoto.github.io/wtracks/'>
    <text>WTracks</text>
    <type>text/html</type>
  </link>
  <time>2026-05-02T07:41:59.879Z</time>
  <bounds minlat="42.014611" minlon="22.684021" maxlat="43.854336" maxlon="28.265076"/>
</metadata>
<trk>
  <trkseg>
    <trkpt lat="43.173716" lon="23.05213"></trkpt>
    <trkpt lat="43.173581" lon="23.053613"></trkpt>
    <trkpt lat="43.173175" lon="23.054906"></trkpt>
    <trkpt lat="43.173648" lon="23.058523"></trkpt>
    <trkpt lat="43.174798" lon="23.06047"></trkpt>
    <trkpt lat="43.175001" lon="23.062696"></trkpt>
    <trkpt lat="43.174369" lon="23.065321"></trkpt>
    <trkpt lat="43.174473" lon="23.067064"></trkpt>
    <trkpt lat="43.174412" lon="23.067656"></trkpt>
    <trkpt lat="43.174201" lon="23.068073"></trkpt>
    <trkpt lat="43.174024" lon="23.068896"></trkpt>
    <trkpt lat="43.173641" lon="23.069595"></trkpt>
    <trkpt lat="43.173438" lon="23.070488"></trkpt>
    <trkpt lat="43.173396" lon="23.071324"></trkpt>
    <trkpt lat="43.173573" lon="23.072402"></trkpt>
    <trkpt lat="43.173643" lon="23.074512"></trkpt>
    <trkpt lat="43.173652" lon="23.075417"></trkpt>
    <trkpt lat="43.173131" lon="23.077011"></trkpt>
    <trkpt lat="43.172607" lon="23.077359"></trkpt>
    <trkpt lat="43.17161" lon="23.077717"></trkpt>
    <trkpt lat="43.170505" lon="23.07779"></trkpt>
    <trkpt lat="43.16976" lon="23.07785"></trkpt>
    <trkpt lat="43.168964" lon="23.078179"></trkpt>
    <trkpt lat="43.168249" lon="23.078131"></trkpt>
    <trkpt lat="43.167633" lon="23.077218"></trkpt>
    <trkpt lat="43.167404" lon="23.076418"></trkpt>
    <trkpt lat="43.167339" lon="23.075447"></trkpt>
    <trkpt lat="43.166316" lon="23.074867"></trkpt>
    <trkpt lat="43.166072" lon="23.074973"></trkpt>
    <trkpt lat="43.165801" lon="23.075529"></trkpt>
    <trkpt lat="43.165303" lon="23.075945"></trkpt>
    <trkpt lat="43.164526" lon="23.076953"></trkpt>
    <trkpt lat="43.163997" lon="23.077347"></trkpt>
    <trkpt lat="43.163157" lon="23.077886"></trkpt>
    <trkpt lat="43.162733" lon="23.078269"></trkpt>
    <trkpt lat="43.162056" lon="23.079948"></trkpt>
    <trkpt lat="43.16143" lon="23.080552"></trkpt>
    <trkpt lat="43.160823" lon="23.080922"></trkpt>
    <trkpt lat="43.160197" lon="23.082098"></trkpt>
    <trkpt lat="43.160011" lon="23.083477"></trkpt>
    <trkpt lat="43.160121" lon="23.084092"></trkpt>
    <trkpt lat="43.159816" lon="23.084973"></trkpt>
    <trkpt lat="43.159524" lon="23.087086"></trkpt>
    <trkpt lat="43.15999" lon="23.08825"></trkpt>
    <trkpt lat="43.161015" lon="23.089329"></trkpt>
    <trkpt lat="43.161945" lon="23.090801"></trkpt>
    <trkpt lat="43.162055" lon="23.091475"></trkpt>
    <trkpt lat="43.161789" lon="23.093119"></trkpt>
    <trkpt lat="43.161721" lon="23.093855"></trkpt>
    <trkpt lat="43.161416" lon="23.094958"></trkpt>
    <trkpt lat="43.161224" lon="23.095649"></trkpt>
    <trkpt lat="43.161253" lon="23.096525"></trkpt>
    <trkpt lat="43.161283" lon="23.096911"></trkpt>
    <trkpt lat="43.160957" lon="23.09745"></trkpt>
    <trkpt lat="43.160378" lon="23.097789"></trkpt>
    <trkpt lat="43.160031" lon="23.097943"></trkpt>
    <trkpt lat="43.159752" lon="23.098238"></trkpt>
    <trkpt lat="43.159663" lon="23.098279"></trkpt>
    <trkpt lat="43.1593" lon="23.098708"></trkpt>
    <trkpt lat="43.158952" lon="23.099219"></trkpt>
    <trkpt lat="43.158635" lon="23.09948"></trkpt>
    <trkpt lat="43.158355" lon="23.099894"></trkpt>
    <trkpt lat="43.158189" lon="23.10071"></trkpt>
    <trkpt lat="43.157956" lon="23.101503"></trkpt>
    <trkpt lat="43.157744" lon="23.101961"></trkpt>
    <trkpt lat="43.157015" lon="23.102099"></trkpt>
    <trkpt lat="43.156294" lon="23.102481"></trkpt>
    <trkpt lat="43.155899" lon="23.10258"></trkpt>
    <trkpt lat="43.1555" lon="23.102503"></trkpt>
    <trkpt lat="43.154965" lon="23.102588"></trkpt>
    <trkpt lat="43.154112" lon="23.102912"></trkpt>
    <trkpt lat="43.153765" lon="23.103116"></trkpt>
    <trkpt lat="43.15319" lon="23.103788"></trkpt>
    <trkpt lat="43.152759" lon="23.103933"></trkpt>
    <trkpt lat="43.152616" lon="23.103805"></trkpt>
    <trkpt lat="43.152109" lon="23.103"></trkpt>
    <trkpt lat="43.151531" lon="23.10263"></trkpt>
    <trkpt lat="43.150739" lon="23.102467"></trkpt>
    <trkpt lat="43.150333" lon="23.102849"></trkpt>
    <trkpt lat="43.149855" lon="23.103423"></trkpt>
    <trkpt lat="43.149454" lon="23.103741"></trkpt>
    <trkpt lat="43.149224" lon="23.103798"></trkpt>
    <trkpt lat="43.148959" lon="23.103816"></trkpt>
    <trkpt lat="43.148761" lon="23.103729"></trkpt>
    <trkpt lat="43.147982" lon="23.102662"></trkpt>
    <trkpt lat="43.147103" lon="23.101246"></trkpt>
    <trkpt lat="43.146949" lon="23.1003"></trkpt>
    <trkpt lat="43.146848" lon="23.099802"></trkpt>
    <trkpt lat="43.146538" lon="23.099673"></trkpt>
    <trkpt lat="43.146068" lon="23.099817"></trkpt>
    <trkpt lat="43.145698" lon="23.100101"></trkpt>
    <trkpt lat="43.145461" lon="23.100582"></trkpt>
    <trkpt lat="43.145199" lon="23.101608"></trkpt>
    <trkpt lat="43.145027" lon="23.102402"></trkpt>
    <trkpt lat="43.14441" lon="23.103312"></trkpt>
    <trkpt lat="43.142871" lon="23.105259"></trkpt>
    <trkpt lat="43.142227" lon="23.105562"></trkpt>
    <trkpt lat="43.141212" lon="23.10591"></trkpt>
    <trkpt lat="43.140045" lon="23.107857"></trkpt>
    <trkpt lat="43.139245" lon="23.111214"></trkpt>
    <trkpt lat="43.138568" lon="23.112676"></trkpt>
    <trkpt lat="43.138303" lon="23.11307"></trkpt>
    <trkpt lat="43.136556" lon="23.113949"></trkpt>
    <trkpt lat="43.136378" lon="23.1141"></trkpt>
    <trkpt lat="43.135153" lon="23.113363"></trkpt>
    <trkpt lat="43.134728" lon="23.113459"></trkpt>
    <trkpt lat="43.133704" lon="23.114398"></trkpt>
    <trkpt lat="43.133043" lon="23.114323"></trkpt>
    <trkpt lat="43.132132" lon="23.113608"></trkpt>
    <trkpt lat="43.131569" lon="23.113631"></trkpt>
    <trkpt lat="43.13107" lon="23.114048"></trkpt>
    <trkpt lat="43.129785" lon="23.114302"></trkpt>
    <trkpt lat="43.128968" lon="23.11412"></trkpt>
    <trkpt lat="43.128443" lon="23.114155"></trkpt>
    <trkpt lat="43.127518" lon="23.115084"></trkpt>
    <trkpt lat="43.127209" lon="23.11517"></trkpt>
    <trkpt lat="43.126462" lon="23.115401"></trkpt>
    <trkpt lat="43.125299" lon="23.115125"></trkpt>
    <trkpt lat="43.124314" lon="23.114744"></trkpt>
    <trkpt lat="43.123292" lon="23.114722"></trkpt>
    <trkpt lat="43.122359" lon="23.114839"></trkpt>
    <trkpt lat="43.121277" lon="23.114849"></trkpt>
    <trkpt lat="43.120704" lon="23.114887"></trkpt>
    <trkpt lat="43.120434" lon="23.115026"></trkpt>
    <trkpt lat="43.120366" lon="23.115408"></trkpt>
    <trkpt lat="43.120572" lon="23.116379"></trkpt>
    <trkpt lat="43.120784" lon="23.117839"></trkpt>
    <trkpt lat="43.120835" lon="23.11893"></trkpt>
    <trkpt lat="43.121402" lon="23.120179"></trkpt>
    <trkpt lat="43.122128" lon="23.121636"></trkpt>
    <trkpt lat="43.123419" lon="23.123257"></trkpt>
    <trkpt lat="43.124072" lon="23.123635"></trkpt>
    <trkpt lat="43.124485" lon="23.123919"></trkpt>
    <trkpt lat="43.124604" lon="23.124238"></trkpt>
    <trkpt lat="43.12452" lon="23.124421"></trkpt>
    <trkpt lat="43.124071" lon="23.12434"></trkpt>
    <trkpt lat="43.123854" lon="23.124193"></trkpt>
    <trkpt lat="43.123573" lon="23.124112"></trkpt>
    <trkpt lat="43.123308" lon="23.1242"></trkpt>
    <trkpt lat="43.122744" lon="23.12477"></trkpt>
    <trkpt lat="43.122567" lon="23.125015"></trkpt>
    <trkpt lat="43.122529" lon="23.125212"></trkpt>
    <trkpt lat="43.121585" lon="23.124892"></trkpt>
    <trkpt lat="43.121246" lon="23.125054"></trkpt>
    <trkpt lat="43.120722" lon="23.125738"></trkpt>
    <trkpt lat="43.118957" lon="23.127372"></trkpt>
    <trkpt lat="43.117702" lon="23.12816"></trkpt>
    <trkpt lat="43.116483" lon="23.131081"></trkpt>
    <trkpt lat="43.114723" lon="23.133724"></trkpt>
    <trkpt lat="43.114435" lon="23.136547"></trkpt>
    <trkpt lat="43.11573" lon="23.138549"></trkpt>
    <trkpt lat="43.116504" lon="23.140451"></trkpt>
    <trkpt lat="43.117046" lon="23.143557"></trkpt>
    <trkpt lat="43.117701" lon="23.146318"></trkpt>
    <trkpt lat="43.118668" lon="23.148533"></trkpt>
    <trkpt lat="43.118059" lon="23.151686"></trkpt>
    <trkpt lat="43.119278" lon="23.154746"></trkpt>
    <trkpt lat="43.120499" lon="23.158735"></trkpt>
    <trkpt lat="43.120098" lon="23.159292"></trkpt>
    <trkpt lat="43.120454" lon="23.160659"></trkpt>
    <trkpt lat="43.121977" lon="23.162746"></trkpt>
    <trkpt lat="43.122417" lon="23.164367"></trkpt>
    <trkpt lat="43.122914" lon="23.170113"></trkpt>
    <trkpt lat="43.123167" lon="23.173312"></trkpt>
    <trkpt lat="43.122964" lon="23.175143"></trkpt>
    <trkpt lat="43.122854" lon="23.17789"></trkpt>
    <trkpt lat="43.123463" lon="23.179675"></trkpt>
    <trkpt lat="43.123836" lon="23.181205"></trkpt>
    <trkpt lat="43.124072" lon="23.182921"></trkpt>
    <trkpt lat="43.12489" lon="23.187623"></trkpt>
    <trkpt lat="43.125296" lon="23.190405"></trkpt>
    <trkpt lat="43.12428" lon="23.195783"></trkpt>
    <trkpt lat="43.122927" lon="23.201626"></trkpt>
    <trkpt lat="43.121641" lon="23.20515"></trkpt>
    <trkpt lat="43.121588" lon="23.206379"></trkpt>
    <trkpt lat="43.121148" lon="23.208094"></trkpt>
    <trkpt lat="43.121029" lon="23.209207"></trkpt>
    <trkpt lat="43.121486" lon="23.210204"></trkpt>
    <trkpt lat="43.121384" lon="23.21134"></trkpt>
    <trkpt lat="43.120318" lon="23.213473"></trkpt>
    <trkpt lat="43.119868" lon="23.215646"></trkpt>
    <trkpt lat="43.120054" lon="23.217431"></trkpt>
    <trkpt lat="43.120707" lon="23.220106"></trkpt>
    <trkpt lat="43.121282" lon="23.222587"></trkpt>
    <trkpt lat="43.122066" lon="23.224855"></trkpt>
    <trkpt lat="43.122422" lon="23.227544"></trkpt>
    <trkpt lat="43.122608" lon="23.230002"></trkpt>
    <trkpt lat="43.122896" lon="23.23239"></trkpt>
    <trkpt lat="43.122616" lon="23.235515"></trkpt>
    <trkpt lat="43.122547" lon="23.237823"></trkpt>
    <trkpt lat="43.122836" lon="23.239817"></trkpt>
    <trkpt lat="43.123326" lon="23.24188"></trkpt>
    <trkpt lat="43.124308" lon="23.243967"></trkpt>
    <trkpt lat="43.124409" lon="23.24537"></trkpt>
    <trkpt lat="43.124461" lon="23.246392"></trkpt>
    <trkpt lat="43.124816" lon="23.247656"></trkpt>
    <trkpt lat="43.124934" lon="23.248699"></trkpt>
    <trkpt lat="43.125137" lon="23.248908"></trkpt>
    <trkpt lat="43.125171" lon="23.249204"></trkpt>
    <trkpt lat="43.125197" lon="23.249772"></trkpt>
    <trkpt lat="43.125121" lon="23.250363"></trkpt>
    <trkpt lat="43.125231" lon="23.250746"></trkpt>
    <trkpt lat="43.124858" lon="23.251337"></trkpt>
    <trkpt lat="43.124356" lon="23.251772"></trkpt>
    <trkpt lat="43.123871" lon="23.251838"></trkpt>
    <trkpt lat="43.12382" lon="23.252116"></trkpt>
    <trkpt lat="43.123609" lon="23.252255"></trkpt>
    <trkpt lat="43.123651" lon="23.2528"></trkpt>
    <trkpt lat="43.123626" lon="23.253159"></trkpt>
    <trkpt lat="43.123727" lon="23.253646"></trkpt>
    <trkpt lat="43.123845" lon="23.253949"></trkpt>
    <trkpt lat="43.123752" lon="23.254738"></trkpt>
    <trkpt lat="43.123447" lon="23.255272"></trkpt>
    <trkpt lat="43.123786" lon="23.255875"></trkpt>
    <trkpt lat="43.124116" lon="23.256246"></trkpt>
    <trkpt lat="43.123913" lon="23.256593"></trkpt>
    <trkpt lat="43.123884" lon="23.257264"></trkpt>
    <trkpt lat="43.12374" lon="23.257843"></trkpt>
    <trkpt lat="43.123402" lon="23.258632"></trkpt>
    <trkpt lat="43.123232" lon="23.259026"></trkpt>
    <trkpt lat="43.122601" lon="23.25935"></trkpt>
    <trkpt lat="43.121789" lon="23.260475"></trkpt>
    <trkpt lat="43.121044" lon="23.261797"></trkpt>
    <trkpt lat="43.121061" lon="23.263026"></trkpt>
    <trkpt lat="43.121145" lon="23.26467"></trkpt>
    <trkpt lat="43.121197" lon="23.264823"></trkpt>
    <trkpt lat="43.121307" lon="23.264765"></trkpt>
    <trkpt lat="43.121356" lon="23.264529"></trkpt>
    <trkpt lat="43.121301" lon="23.263682"></trkpt>
    <trkpt lat="43.121485" lon="23.262332"></trkpt>
    <trkpt lat="43.121615" lon="23.26217"></trkpt>
    <trkpt lat="43.121696" lon="23.262384"></trkpt>
    <trkpt lat="43.121746" lon="23.263435"></trkpt>
    <trkpt lat="43.121877" lon="23.263794"></trkpt>
    <trkpt lat="43.122089" lon="23.264055"></trkpt>
    <trkpt lat="43.122152" lon="23.264444"></trkpt>
    <trkpt lat="43.122141" lon="23.265311"></trkpt>
    <trkpt lat="43.122077" lon="23.26563"></trkpt>
    <trkpt lat="43.12212" lon="23.26603"></trkpt>
    <trkpt lat="43.122293" lon="23.266343"></trkpt>
    <trkpt lat="43.122293" lon="23.266714"></trkpt>
    <trkpt lat="43.121733" lon="23.267906"></trkpt>
    <trkpt lat="43.121529" lon="23.268016"></trkpt>
    <trkpt lat="43.121125" lon="23.268945"></trkpt>
    <trkpt lat="43.119899" lon="23.270768"></trkpt>
    <trkpt lat="43.119341" lon="23.271498"></trkpt>
    <trkpt lat="43.119127" lon="23.272245"></trkpt>
    <trkpt lat="43.119076" lon="23.272882"></trkpt>
    <trkpt lat="43.118687" lon="23.273369"></trkpt>
    <trkpt lat="43.117363" lon="23.274137"></trkpt>
    <trkpt lat="43.117024" lon="23.274021"></trkpt>
    <trkpt lat="43.116914" lon="23.27365"></trkpt>
    <trkpt lat="43.11694" lon="23.27336"></trkpt>
    <trkpt lat="43.116541" lon="23.273008"></trkpt>
    <trkpt lat="43.116194" lon="23.272772"></trkpt>
    <trkpt lat="43.11544" lon="23.272888"></trkpt>
    <trkpt lat="43.115102" lon="23.273016"></trkpt>
    <trkpt lat="43.114179" lon="23.27283"></trkpt>
    <trkpt lat="43.111448" lon="23.272963"></trkpt>
    <trkpt lat="43.110973" lon="23.273236"></trkpt>
    <trkpt lat="43.110516" lon="23.273306"></trkpt>
    <trkpt lat="43.110313" lon="23.273723"></trkpt>
    <trkpt lat="43.109757" lon="23.274259"></trkpt>
    <trkpt lat="43.109351" lon="23.274433"></trkpt>
    <trkpt lat="43.108572" lon="23.274549"></trkpt>
    <trkpt lat="43.107885" lon="23.274846"></trkpt>
    <trkpt lat="43.106946" lon="23.275657"></trkpt>
    <trkpt lat="43.106236" lon="23.276383"></trkpt>
    <trkpt lat="43.105897" lon="23.276873"></trkpt>
    <trkpt lat="43.105719" lon="23.278066"></trkpt>
    <trkpt lat="43.105482" lon="23.278559"></trkpt>
    <trkpt lat="43.104847" lon="23.278984"></trkpt>
    <trkpt lat="43.104462" lon="23.27915"></trkpt>
    <trkpt lat="43.104123" lon="23.280148"></trkpt>
    <trkpt lat="43.103836" lon="23.281099"></trkpt>
    <trkpt lat="43.103403" lon="23.281513"></trkpt>
    <trkpt lat="43.102828" lon="23.282034"></trkpt>
    <trkpt lat="43.102768" lon="23.282742"></trkpt>
    <trkpt lat="43.102681" lon="23.283445"></trkpt>
    <trkpt lat="43.102038" lon="23.284337"></trkpt>
    <trkpt lat="43.101894" lon="23.285462"></trkpt>
    <trkpt lat="43.10197" lon="23.286412"></trkpt>
    <trkpt lat="43.102562" lon="23.287513"></trkpt>
    <trkpt lat="43.102791" lon="23.288429"></trkpt>
    <trkpt lat="43.102859" lon="23.289716"></trkpt>
    <trkpt lat="43.102829" lon="23.290487"></trkpt>
    <trkpt lat="43.102973" lon="23.291623"></trkpt>
    <trkpt lat="43.103315" lon="23.292265"></trkpt>
    <trkpt lat="43.102892" lon="23.29369"></trkpt>
    <trkpt lat="43.103309" lon="23.294974"></trkpt>
    <trkpt lat="43.103867" lon="23.295368"></trkpt>
    <trkpt lat="43.104189" lon="23.296017"></trkpt>
    <trkpt lat="43.104087" lon="23.296307"></trkpt>
    <trkpt lat="43.103258" lon="23.29618"></trkpt>
    <trkpt lat="43.102759" lon="23.295832"></trkpt>
    <trkpt lat="43.102327" lon="23.295704"></trkpt>
    <trkpt lat="43.102056" lon="23.295206"></trkpt>
    <trkpt lat="43.101799" lon="23.295041"></trkpt>
    <trkpt lat="43.10157" lon="23.295551"></trkpt>
    <trkpt lat="43.101426" lon="23.296456"></trkpt>
    <trkpt lat="43.100817" lon="23.297444"></trkpt>
    <trkpt lat="43.100817" lon="23.297931"></trkpt>
    <trkpt lat="43.100961" lon="23.298302"></trkpt>
    <trkpt lat="43.100521" lon="23.298823"></trkpt>
    <trkpt lat="43.10031" lon="23.299519"></trkpt>
    <trkpt lat="43.099768" lon="23.299844"></trkpt>
    <trkpt lat="43.099692" lon="23.300632"></trkpt>
    <trkpt lat="43.099948" lon="23.300895"></trkpt>
    <trkpt lat="43.10032" lon="23.301162"></trkpt>
    <trkpt lat="43.10076" lon="23.301951"></trkpt>
    <trkpt lat="43.100641" lon="23.302362"></trkpt>
    <trkpt lat="43.100367" lon="23.302322"></trkpt>
    <trkpt lat="43.099958" lon="23.302217"></trkpt>
    <trkpt lat="43.099609" lon="23.3026"></trkpt>
    <trkpt lat="43.099508" lon="23.303076"></trkpt>
    <trkpt lat="43.099597" lon="23.303651"></trkpt>
    <trkpt lat="43.099318" lon="23.304115"></trkpt>
    <trkpt lat="43.09914" lon="23.305309"></trkpt>
    <trkpt lat="43.099572" lon="23.305877"></trkpt>
    <trkpt lat="43.099733" lon="23.306688"></trkpt>
    <trkpt lat="43.099547" lon="23.306908"></trkpt>
    <trkpt lat="43.098666" lon="23.307048"></trkpt>
    <trkpt lat="43.098413" lon="23.30728"></trkpt>
    <trkpt lat="43.098066" lon="23.30845"></trkpt>
    <trkpt lat="43.098328" lon="23.310177"></trkpt>
    <trkpt lat="43.099057" lon="23.310845"></trkpt>
    <trkpt lat="43.099395" lon="23.311332"></trkpt>
    <trkpt lat="43.099014" lon="23.312143"></trkpt>
    <trkpt lat="43.098565" lon="23.312966"></trkpt>
    <trkpt lat="43.098819" lon="23.314276"></trkpt>
    <trkpt lat="43.098692" lon="23.314485"></trkpt>
    <trkpt lat="43.098176" lon="23.31416"></trkpt>
    <trkpt lat="43.097409" lon="23.314427"></trkpt>
    <trkpt lat="43.096824" lon="23.31576"></trkpt>
    <trkpt lat="43.097112" lon="23.316712"></trkpt>
    <trkpt lat="43.096697" lon="23.317315"></trkpt>
    <trkpt lat="43.095795" lon="23.318468"></trkpt>
    <trkpt lat="43.095617" lon="23.319812"></trkpt>
    <trkpt lat="43.096111" lon="23.321168"></trkpt>
    <trkpt lat="43.095967" lon="23.321423"></trkpt>
    <trkpt lat="43.094629" lon="23.320748"></trkpt>
    <trkpt lat="43.093968" lon="23.32164"></trkpt>
    <trkpt lat="43.093697" lon="23.322452"></trkpt>
    <trkpt lat="43.093417" lon="23.322696"></trkpt>
    <trkpt lat="43.093612" lon="23.323669"></trkpt>
    <trkpt lat="43.093079" lon="23.324063"></trkpt>
    <trkpt lat="43.09241" lon="23.324637"></trkpt>
    <trkpt lat="43.092266" lon="23.32531"></trkpt>
    <trkpt lat="43.092528" lon="23.326272"></trkpt>
    <trkpt lat="43.092418" lon="23.326967"></trkpt>
    <trkpt lat="43.092184" lon="23.327062"></trkpt>
    <trkpt lat="43.091497" lon="23.327051"></trkpt>
    <trkpt lat="43.090837" lon="23.32828"></trkpt>
    <trkpt lat="43.090676" lon="23.329033"></trkpt>
    <trkpt lat="43.090812" lon="23.329461"></trkpt>
    <trkpt lat="43.091853" lon="23.330249"></trkpt>
    <trkpt lat="43.092369" lon="23.330991"></trkpt>
    <trkpt lat="43.092191" lon="23.331188"></trkpt>
    <trkpt lat="43.091008" lon="23.331128"></trkpt>
    <trkpt lat="43.089856" lon="23.332143"></trkpt>
    <trkpt lat="43.088841" lon="23.333079"></trkpt>
    <trkpt lat="43.088604" lon="23.333125"></trkpt>
    <trkpt lat="43.088518" lon="23.332895"></trkpt>
    <trkpt lat="43.088941" lon="23.332222"></trkpt>
    <trkpt lat="43.08933" lon="23.33184"></trkpt>
    <trkpt lat="43.089872" lon="23.33169"></trkpt>
    <trkpt lat="43.0911" lon="23.330705"></trkpt>
    <trkpt lat="43.091108" lon="23.330484"></trkpt>
    <trkpt lat="43.09093" lon="23.330473"></trkpt>
    <trkpt lat="43.090496" lon="23.330916"></trkpt>
    <trkpt lat="43.08979" lon="23.331397"></trkpt>
    <trkpt lat="43.089375" lon="23.331339"></trkpt>
    <trkpt lat="43.08863" lon="23.331606"></trkpt>
    <trkpt lat="43.088342" lon="23.332046"></trkpt>
    <trkpt lat="43.087843" lon="23.332516"></trkpt>
    <trkpt lat="43.087741" lon="23.333606"></trkpt>
    <trkpt lat="43.087707" lon="23.33407"></trkpt>
    <trkpt lat="43.087487" lon="23.334"></trkpt>
    <trkpt lat="43.087572" lon="23.332331"></trkpt>
    <trkpt lat="43.087995" lon="23.331728"></trkpt>
    <trkpt lat="43.087809" lon="23.331056"></trkpt>
    <trkpt lat="43.087978" lon="23.330847"></trkpt>
    <trkpt lat="43.088385" lon="23.33094"></trkpt>
    <trkpt lat="43.088283" lon="23.330522"></trkpt>
    <trkpt lat="43.087961" lon="23.330105"></trkpt>
    <trkpt lat="43.088182" lon="23.328947"></trkpt>
    <trkpt lat="43.087995" lon="23.328692"></trkpt>
    <trkpt lat="43.087758" lon="23.328993"></trkpt>
    <trkpt lat="43.087913" lon="23.329573"></trkpt>
    <trkpt lat="43.087456" lon="23.330152"></trkpt>
    <trkpt lat="43.086762" lon="23.329571"></trkpt>
    <trkpt lat="43.086677" lon="23.329965"></trkpt>
    <trkpt lat="43.08727" lon="23.330614"></trkpt>
    <trkpt lat="43.087219" lon="23.331379"></trkpt>
    <trkpt lat="43.086508" lon="23.332539"></trkpt>
    <trkpt lat="43.085779" lon="23.334997"></trkpt>
    <trkpt lat="43.084831" lon="23.336295"></trkpt>
    <trkpt lat="43.084357" lon="23.337501"></trkpt>
    <trkpt lat="43.083933" lon="23.338289"></trkpt>
    <trkpt lat="43.084238" lon="23.339309"></trkpt>
    <trkpt lat="43.084152" lon="23.340213"></trkpt>
    <trkpt lat="43.083827" lon="23.341028"></trkpt>
    <trkpt lat="43.084056" lon="23.341655"></trkpt>
    <trkpt lat="43.08436" lon="23.342072"></trkpt>
    <trkpt lat="43.084344" lon="23.342929"></trkpt>
    <trkpt lat="43.084022" lon="23.343718"></trkpt>
    <trkpt lat="43.084387" lon="23.345381"></trkpt>
    <trkpt lat="43.084421" lon="23.347213"></trkpt>
    <trkpt lat="43.084455" lon="23.347978"></trkpt>
    <trkpt lat="43.083879" lon="23.3496"></trkpt>
    <trkpt lat="43.084029" lon="23.350258"></trkpt>
    <trkpt lat="43.085175" lon="23.351155"></trkpt>
    <trkpt lat="43.085345" lon="23.351873"></trkpt>
    <trkpt lat="43.08587" lon="23.351873"></trkpt>
    <trkpt lat="43.086174" lon="23.352499"></trkpt>
    <trkpt lat="43.086344" lon="23.353658"></trkpt>
    <trkpt lat="43.086919" lon="23.354261"></trkpt>
    <trkpt lat="43.087996" lon="23.355556"></trkpt>
    <trkpt lat="43.087994" lon="23.356692"></trkpt>
    <trkpt lat="43.088146" lon="23.357425"></trkpt>
    <trkpt lat="43.088533" lon="23.358319"></trkpt>
    <trkpt lat="43.088499" lon="23.36022"></trkpt>
    <trkpt lat="43.088135" lon="23.36204"></trkpt>
    <trkpt lat="43.088079" lon="23.36474"></trkpt>
    <trkpt lat="43.087132" lon="23.368352"></trkpt>
    <trkpt lat="43.086912" lon="23.369789"></trkpt>
    <trkpt lat="43.086168" lon="23.370208"></trkpt>
    <trkpt lat="43.085304" lon="23.370602"></trkpt>
    <trkpt lat="43.083965" lon="23.371121"></trkpt>
    <trkpt lat="43.082238" lon="23.371446"></trkpt>
    <trkpt lat="43.081289" lon="23.372632"></trkpt>
    <trkpt lat="43.080094" lon="23.374162"></trkpt>
    <trkpt lat="43.080856" lon="23.375322"></trkpt>
    <trkpt lat="43.081618" lon="23.376944"></trkpt>
    <trkpt lat="43.082347" lon="23.377478"></trkpt>
    <trkpt lat="43.082194" lon="23.378127"></trkpt>
    <trkpt lat="43.082719" lon="23.378521"></trkpt>
    <trkpt lat="43.082801" lon="23.378742"></trkpt>
    <trkpt lat="43.082674" lon="23.379113"></trkpt>
    <trkpt lat="43.084266" lon="23.380052"></trkpt>
    <trkpt lat="43.084436" lon="23.3804"></trkpt>
    <trkpt lat="43.084428" lon="23.380624"></trkpt>
    <trkpt lat="43.085195" lon="23.381135"></trkpt>
    <trkpt lat="43.085458" lon="23.381772"></trkpt>
    <trkpt lat="43.085424" lon="23.382618"></trkpt>
    <trkpt lat="43.085001" lon="23.382236"></trkpt>
    <trkpt lat="43.084594" lon="23.38212"></trkpt>
    <trkpt lat="43.084408" lon="23.382653"></trkpt>
    <trkpt lat="43.083703" lon="23.38204"></trkpt>
    <trkpt lat="43.082687" lon="23.382318"></trkpt>
    <trkpt lat="43.081502" lon="23.381112"></trkpt>
    <trkpt lat="43.080977" lon="23.381228"></trkpt>
    <trkpt lat="43.081639" lon="23.38204"></trkpt>
    <trkpt lat="43.081944" lon="23.382712"></trkpt>
    <trkpt lat="43.082401" lon="23.3835"></trkpt>
    <trkpt lat="43.082638" lon="23.38459"></trkpt>
    <trkpt lat="43.081927" lon="23.386213"></trkpt>
    <trkpt lat="43.081757" lon="23.386583"></trkpt>
    <trkpt lat="43.08169" lon="23.385285"></trkpt>
    <trkpt lat="43.081283" lon="23.385123"></trkpt>
    <trkpt lat="43.080961" lon="23.387024"></trkpt>
    <trkpt lat="43.080453" lon="23.387511"></trkpt>
    <trkpt lat="43.080487" lon="23.388855"></trkpt>
    <trkpt lat="43.080149" lon="23.389551"></trkpt>
    <trkpt lat="43.080064" lon="23.39078"></trkpt>
    <trkpt lat="43.079217" lon="23.392797"></trkpt>
    <trkpt lat="43.078811" lon="23.393543"></trkpt>
    <trkpt lat="43.079032" lon="23.394215"></trkpt>
    <trkpt lat="43.078778" lon="23.394239"></trkpt>
    <trkpt lat="43.078591" lon="23.393311"></trkpt>
    <trkpt lat="43.07871" lon="23.390877"></trkpt>
    <trkpt lat="43.078744" lon="23.390066"></trkpt>
    <trkpt lat="43.078371" lon="23.389463"></trkpt>
    <trkpt lat="43.078016" lon="23.389161"></trkpt>
    <trkpt lat="43.077474" lon="23.389996"></trkpt>
    <trkpt lat="43.077118" lon="23.390645"></trkpt>
    <trkpt lat="43.077457" lon="23.391874"></trkpt>
    <trkpt lat="43.077321" lon="23.392871"></trkpt>
    <trkpt lat="43.07727" lon="23.393636"></trkpt>
    <trkpt lat="43.077237" lon="23.394053"></trkpt>
    <trkpt lat="43.076695" lon="23.393405"></trkpt>
    <trkpt lat="43.076271" lon="23.39352"></trkpt>
    <trkpt lat="43.076254" lon="23.394795"></trkpt>
    <trkpt lat="43.074472" lon="23.397446"></trkpt>
    <trkpt lat="43.072209" lon="23.398323"></trkpt>
    <trkpt lat="43.07097" lon="23.398589"></trkpt>
    <trkpt lat="43.069232" lon="23.398201"></trkpt>
    <trkpt lat="43.06825" lon="23.398132"></trkpt>
    <trkpt lat="43.066091" lon="23.398228"></trkpt>
    <trkpt lat="43.064353" lon="23.397481"></trkpt>
    <trkpt lat="43.062659" lon="23.398408"></trkpt>
    <trkpt lat="43.061829" lon="23.399382"></trkpt>
    <trkpt lat="43.061287" lon="23.399684"></trkpt>
    <trkpt lat="43.061168" lon="23.401098"></trkpt>
    <trkpt lat="43.061067" lon="23.402605"></trkpt>
    <trkpt lat="43.060711" lon="23.403393"></trkpt>
    <trkpt lat="43.05978" lon="23.405178"></trkpt>
    <trkpt lat="43.058844" lon="23.406676"></trkpt>
    <trkpt lat="43.056792" lon="23.407853"></trkpt>
    <trkpt lat="43.0563" lon="23.408179"></trkpt>
    <trkpt lat="43.054006" lon="23.408501"></trkpt>
    <trkpt lat="43.053481" lon="23.409404"></trkpt>
    <trkpt lat="43.053204" lon="23.408634"></trkpt>
    <trkpt lat="43.052408" lon="23.408402"></trkpt>
    <trkpt lat="43.051069" lon="23.410674"></trkpt>
    <trkpt lat="43.050053" lon="23.410906"></trkpt>
    <trkpt lat="43.050104" lon="23.412251"></trkpt>
    <trkpt lat="43.049811" lon="23.41356"></trkpt>
    <trkpt lat="43.050302" lon="23.414672"></trkpt>
    <trkpt lat="43.049947" lon="23.415066"></trkpt>
    <trkpt lat="43.048505" lon="23.414185"></trkpt>
    <trkpt lat="43.047675" lon="23.414834"></trkpt>
    <trkpt lat="43.046218" lon="23.414208"></trkpt>
    <trkpt lat="43.04561" lon="23.415274"></trkpt>
    <trkpt lat="43.045627" lon="23.415691"></trkpt>
    <trkpt lat="43.046464" lon="23.417032"></trkpt>
    <trkpt lat="43.046464" lon="23.417774"></trkpt>
    <trkpt lat="43.045007" lon="23.418516"></trkpt>
    <trkpt lat="43.0446" lon="23.419351"></trkpt>
    <trkpt lat="43.043448" lon="23.419119"></trkpt>
    <trkpt lat="43.041821" lon="23.420324"></trkpt>
    <trkpt lat="43.041923" lon="23.421113"></trkpt>
    <trkpt lat="43.042567" lon="23.421623"></trkpt>
    <trkpt lat="43.045786" lon="23.420763"></trkpt>
    <trkpt lat="43.045278" lon="23.422244"></trkpt>
    <trkpt lat="43.045583" lon="23.422291"></trkpt>
    <trkpt lat="43.046599" lon="23.422011"></trkpt>
    <trkpt lat="43.04748" lon="23.423077"></trkpt>
    <trkpt lat="43.047074" lon="23.423726"></trkpt>
    <trkpt lat="43.045042" lon="23.423819"></trkpt>
    <trkpt lat="43.041031" lon="23.426424"></trkpt>
    <trkpt lat="43.039912" lon="23.42698"></trkpt>
    <trkpt lat="43.039641" lon="23.427861"></trkpt>
    <trkpt lat="43.040403" lon="23.428604"></trkpt>
    <trkpt lat="43.042436" lon="23.429255"></trkpt>
    <trkpt lat="43.042537" lon="23.4306"></trkpt>
    <trkpt lat="43.04108" lon="23.431527"></trkpt>
    <trkpt lat="43.037793" lon="23.433659"></trkpt>
    <trkpt lat="43.036675" lon="23.434679"></trkpt>
    <trkpt lat="43.033981" lon="23.433771"></trkpt>
    <trkpt lat="43.032659" lon="23.433534"></trkpt>
    <trkpt lat="43.034116" lon="23.435482"></trkpt>
    <trkpt lat="43.033709" lon="23.436826"></trkpt>
    <trkpt lat="43.032998" lon="23.438171"></trkpt>
    <trkpt lat="43.033107" lon="23.438954"></trkpt>
    <trkpt lat="43.032908" lon="23.43962"></trkpt>
    <trkpt lat="43.032923" lon="23.440443"></trkpt>
    <trkpt lat="43.032707" lon="23.441005"></trkpt>
    <trkpt lat="43.032246" lon="23.441243"></trkpt>
    <trkpt lat="43.031706" lon="23.44116"></trkpt>
    <trkpt lat="43.031083" lon="23.440669"></trkpt>
    <trkpt lat="43.030789" lon="23.439979"></trkpt>
    <trkpt lat="43.03055" lon="23.438735"></trkpt>
    <trkpt lat="43.030369" lon="23.438747"></trkpt>
    <trkpt lat="43.030086" lon="23.438625"></trkpt>
    <trkpt lat="43.029487" lon="23.438313"></trkpt>
    <trkpt lat="43.029052" lon="23.438212"></trkpt>
    <trkpt lat="43.028446" lon="23.43823"></trkpt>
    <trkpt lat="43.027552" lon="23.438474"></trkpt>
    <trkpt lat="43.027283" lon="23.438487"></trkpt>
    <trkpt lat="43.026872" lon="23.438445"></trkpt>
    <trkpt lat="43.026365" lon="23.438317"></trkpt>
    <trkpt lat="43.025882" lon="23.438589"></trkpt>
    <trkpt lat="43.025362" lon="23.438507"></trkpt>
    <trkpt lat="43.025134" lon="23.438571"></trkpt>
    <trkpt lat="43.024905" lon="23.438779"></trkpt>
    <trkpt lat="43.024537" lon="23.439532"></trkpt>
    <trkpt lat="43.023855" lon="23.440212"></trkpt>
    <trkpt lat="43.023592" lon="23.44151"></trkpt>
    <trkpt lat="43.023677" lon="23.44231"></trkpt>
    <trkpt lat="43.023576" lon="23.442623"></trkpt>
    <trkpt lat="43.023195" lon="23.442553"></trkpt>
    <trkpt lat="43.02298" lon="23.440624"></trkpt>
    <trkpt lat="43.022887" lon="23.440103"></trkpt>
    <trkpt lat="43.022359" lon="23.440109"></trkpt>
    <trkpt lat="43.021879" lon="23.440451"></trkpt>
    <trkpt lat="43.021807" lon="23.440601"></trkpt>
    <trkpt lat="43.021509" lon="23.44059"></trkpt>
    <trkpt lat="43.021077" lon="23.440461"></trkpt>
    <trkpt lat="43.020878" lon="23.44053"></trkpt>
    <trkpt lat="43.020338" lon="23.440594"></trkpt>
    <trkpt lat="43.019922" lon="23.4406"></trkpt>
    <trkpt lat="43.019454" lon="23.440376"></trkpt>
    <trkpt lat="43.019094" lon="23.440313"></trkpt>
    <trkpt lat="43.018713" lon="23.439942"></trkpt>
    <trkpt lat="43.018059" lon="23.439844"></trkpt>
    <trkpt lat="43.017545" lon="23.439812"></trkpt>
    <trkpt lat="43.017155" lon="23.439627"></trkpt>
    <trkpt lat="43.016842" lon="23.439215"></trkpt>
    <trkpt lat="43.016507" lon="23.438855"></trkpt>
    <trkpt lat="43.015892" lon="23.438808"></trkpt>
    <trkpt lat="43.015808" lon="23.438797"></trkpt>
    <trkpt lat="43.014577" lon="23.43969"></trkpt>
    <trkpt lat="43.013687" lon="23.440559"></trkpt>
    <trkpt lat="43.012732" lon="23.441276"></trkpt>
    <trkpt lat="43.011738" lon="23.441774"></trkpt>
    <trkpt lat="43.010808" lon="23.44216"></trkpt>
    <trkpt lat="43.010715" lon="23.443111"></trkpt>
    <trkpt lat="43.010277" lon="23.444566"></trkpt>
    <trkpt lat="43.009226" lon="23.446328"></trkpt>
    <trkpt lat="43.008555" lon="23.447665"></trkpt>
    <trkpt lat="43.008011" lon="23.449281"></trkpt>
    <trkpt lat="43.007516" lon="23.44943"></trkpt>
    <trkpt lat="43.00705" lon="23.44907"></trkpt>
    <trkpt lat="43.006965" lon="23.448016"></trkpt>
    <trkpt lat="43.006686" lon="23.447223"></trkpt>
    <trkpt lat="43.006016" lon="23.446504"></trkpt>
    <trkpt lat="43.00572" lon="23.445577"></trkpt>
    <trkpt lat="43.0056" lon="23.444684"></trkpt>
    <trkpt lat="43.00444" lon="23.44478"></trkpt>
    <trkpt lat="43.003872" lon="23.445105"></trkpt>
    <trkpt lat="43.003134" lon="23.445406"></trkpt>
    <trkpt lat="43.002626" lon="23.445267"></trkpt>
    <trkpt lat="43.001086" lon="23.443861"></trkpt>
    <trkpt lat="43.00017" lon="23.443583"></trkpt>
    <trkpt lat="42.999119" lon="23.443954"></trkpt>
    <trkpt lat="42.997966" lon="23.44349"></trkpt>
    <trkpt lat="42.997118" lon="23.444232"></trkpt>
    <trkpt lat="42.996033" lon="23.444"></trkpt>
    <trkpt lat="42.994473" lon="23.444974"></trkpt>
    <trkpt lat="42.99393" lon="23.446226"></trkpt>
    <trkpt lat="42.993266" lon="23.446942"></trkpt>
    <trkpt lat="42.993207" lon="23.447811"></trkpt>
    <trkpt lat="42.99269" lon="23.448078"></trkpt>
    <trkpt lat="42.992266" lon="23.448263"></trkpt>
    <trkpt lat="42.991566" lon="23.449181"></trkpt>
    <trkpt lat="42.991041" lon="23.449946"></trkpt>
    <trkpt lat="42.990489" lon="23.450665"></trkpt>
    <trkpt lat="42.990055" lon="23.451281"></trkpt>
    <trkpt lat="42.989504" lon="23.452162"></trkpt>
    <trkpt lat="42.989258" lon="23.452788"></trkpt>
    <trkpt lat="42.988578" lon="23.453876"></trkpt>
    <trkpt lat="42.987896" lon="23.454505"></trkpt>
    <trkpt lat="42.9872" lon="23.45469"></trkpt>
    <trkpt lat="42.986505" lon="23.45549"></trkpt>
    <trkpt lat="42.985767" lon="23.456882"></trkpt>
    <trkpt lat="42.98553" lon="23.457461"></trkpt>
    <trkpt lat="42.985286" lon="23.457875"></trkpt>
    <trkpt lat="42.984188" lon="23.458909"></trkpt>
    <trkpt lat="42.983849" lon="23.459349"></trkpt>
    <trkpt lat="42.983452" lon="23.460083"></trkpt>
    <trkpt lat="42.983206" lon="23.460581"></trkpt>
    <trkpt lat="42.982604" lon="23.460848"></trkpt>
    <trkpt lat="42.981866" lon="23.461259"></trkpt>
    <trkpt lat="42.981109" lon="23.461346"></trkpt>
    <trkpt lat="42.980422" lon="23.461612"></trkpt>
    <trkpt lat="42.979809" lon="23.461751"></trkpt>
    <trkpt lat="42.979428" lon="23.462354"></trkpt>
    <trkpt lat="42.979292" lon="23.462505"></trkpt>
    <trkpt lat="42.978834" lon="23.462806"></trkpt>
    <trkpt lat="42.978741" lon="23.463351"></trkpt>
    <trkpt lat="42.978724" lon="23.464104"></trkpt>
    <trkpt lat="42.978206" lon="23.464615"></trkpt>
    <trkpt lat="42.977345" lon="23.464965"></trkpt>
    <trkpt lat="42.976938" lon="23.464988"></trkpt>
    <trkpt lat="42.976646" lon="23.464986"></trkpt>
    <trkpt lat="42.976299" lon="23.465171"></trkpt>
    <trkpt lat="42.976027" lon="23.465589"></trkpt>
    <trkpt lat="42.975917" lon="23.466446"></trkpt>
    <trkpt lat="42.975637" lon="23.467039"></trkpt>
    <trkpt lat="42.975117" lon="23.467613"></trkpt>
    <trkpt lat="42.974676" lon="23.467555"></trkpt>
    <trkpt lat="42.971722" lon="23.468038"></trkpt>
    <trkpt lat="42.970059" lon="23.469012"></trkpt>
    <trkpt lat="42.96894" lon="23.468549"></trkpt>
    <trkpt lat="42.967616" lon="23.468688"></trkpt>
    <trkpt lat="42.9667" lon="23.469754"></trkpt>
    <trkpt lat="42.965928" lon="23.470309"></trkpt>
    <trkpt lat="42.960703" lon="23.468006"></trkpt>
    <trkpt lat="42.957989" lon="23.467913"></trkpt>
    <trkpt lat="42.953034" lon="23.470695"></trkpt>
    <trkpt lat="42.951405" lon="23.476351"></trkpt>
    <trkpt lat="42.950109" lon="23.480432"></trkpt>
    <trkpt lat="42.950245" lon="23.482936"></trkpt>
    <trkpt lat="42.949769" lon="23.486088"></trkpt>
    <trkpt lat="42.950041" lon="23.489241"></trkpt>
    <trkpt lat="42.948955" lon="23.493693"></trkpt>
    <trkpt lat="42.948548" lon="23.4987"></trkpt>
    <trkpt lat="42.949575" lon="23.500656"></trkpt>
    <trkpt lat="42.950525" lon="23.501491"></trkpt>
    <trkpt lat="42.950712" lon="23.502582"></trkpt>
    <trkpt lat="42.949524" lon="23.505596"></trkpt>
    <trkpt lat="42.949862" lon="23.508685"></trkpt>
    <trkpt lat="42.949658" lon="23.510308"></trkpt>
    <trkpt lat="42.949811" lon="23.511003"></trkpt>
    <trkpt lat="42.949743" lon="23.511652"></trkpt>
    <trkpt lat="42.950083" lon="23.513043"></trkpt>
    <trkpt lat="42.950083" lon="23.515246"></trkpt>
    <trkpt lat="42.950473" lon="23.517657"></trkpt>
    <trkpt lat="42.950859" lon="23.519851"></trkpt>
    <trkpt lat="42.950622" lon="23.520314"></trkpt>
    <trkpt lat="42.949988" lon="23.520962"></trkpt>
    <trkpt lat="42.948087" lon="23.521356"></trkpt>
    <trkpt lat="42.947351" lon="23.521808"></trkpt>
    <trkpt lat="42.946299" lon="23.522642"></trkpt>
    <trkpt lat="42.945552" lon="23.524312"></trkpt>
    <trkpt lat="42.945688" lon="23.526421"></trkpt>
    <trkpt lat="42.945417" lon="23.527511"></trkpt>
    <trkpt lat="42.9445" lon="23.52911"></trkpt>
    <trkpt lat="42.945428" lon="23.529618"></trkpt>
    <trkpt lat="42.945785" lon="23.530824"></trkpt>
    <trkpt lat="42.947093" lon="23.533575"></trkpt>
    <trkpt lat="42.947738" lon="23.537006"></trkpt>
    <trkpt lat="42.948892" lon="23.542107"></trkpt>
    <trkpt lat="42.948999" lon="23.543892"></trkpt>
    <trkpt lat="42.949271" lon="23.544959"></trkpt>
    <trkpt lat="42.94922" lon="23.546624"></trkpt>
    <trkpt lat="42.948778" lon="23.550956"></trkpt>
    <trkpt lat="42.948557" lon="23.552509"></trkpt>
    <trkpt lat="42.949338" lon="23.555662"></trkpt>
    <trkpt lat="42.94975" lon="23.558074"></trkpt>
    <trkpt lat="42.949149" lon="23.565066"></trkpt>
    <trkpt lat="42.948308" lon="23.568326"></trkpt>
    <trkpt lat="42.947698" lon="23.570018"></trkpt>
    <trkpt lat="42.945004" lon="23.574835"></trkpt>
    <trkpt lat="42.941975" lon="23.576788"></trkpt>
    <trkpt lat="42.940854" lon="23.577391"></trkpt>
    <trkpt lat="42.939832" lon="23.57804"></trkpt>
    <trkpt lat="42.937558" lon="23.580961"></trkpt>
    <trkpt lat="42.935807" lon="23.581981"></trkpt>
    <trkpt lat="42.933769" lon="23.581705"></trkpt>
    <trkpt lat="42.932921" lon="23.581844"></trkpt>
    <trkpt lat="42.931631" lon="23.580361"></trkpt>
    <trkpt lat="42.930273" lon="23.579851"></trkpt>
    <trkpt lat="42.928881" lon="23.580129"></trkpt>
    <trkpt lat="42.927622" lon="23.580592"></trkpt>
    <trkpt lat="42.925585" lon="23.580732"></trkpt>
    <trkpt lat="42.924708" lon="23.580987"></trkpt>
    <trkpt lat="42.924049" lon="23.581599"></trkpt>
    <trkpt lat="42.924049" lon="23.582016"></trkpt>
    <trkpt lat="42.923997" lon="23.582227"></trkpt>
    <trkpt lat="42.924093" lon="23.582456"></trkpt>
    <trkpt lat="42.924152" lon="23.584032"></trkpt>
    <trkpt lat="42.923824" lon="23.586354"></trkpt>
    <trkpt lat="42.923476" lon="23.587281"></trkpt>
    <trkpt lat="42.923297" lon="23.587826"></trkpt>
    <trkpt lat="42.922545" lon="23.590247"></trkpt>
    <trkpt lat="42.922214" lon="23.591372"></trkpt>
    <trkpt lat="42.921849" lon="23.592381"></trkpt>
    <trkpt lat="42.921679" lon="23.59332"></trkpt>
    <trkpt lat="42.921246" lon="23.594479"></trkpt>
    <trkpt lat="42.920439" lon="23.595477"></trkpt>
    <trkpt lat="42.920157" lon="23.597538"></trkpt>
    <trkpt lat="42.91985" lon="23.598461"></trkpt>
    <trkpt lat="42.919382" lon="23.599364"></trkpt>
    <trkpt lat="42.918711" lon="23.599781"></trkpt>
    <trkpt lat="42.917703" lon="23.599711"></trkpt>
    <trkpt lat="42.916905" lon="23.59934"></trkpt>
    <trkpt lat="42.916003" lon="23.598736"></trkpt>
    <trkpt lat="42.914683" lon="23.600368"></trkpt>
    <trkpt lat="42.913528" lon="23.600483"></trkpt>
    <trkpt lat="42.912441" lon="23.60046"></trkpt>
    <trkpt lat="42.911721" lon="23.600772"></trkpt>
    <trkpt lat="42.911415" lon="23.600848"></trkpt>
    <trkpt lat="42.91069" lon="23.600413"></trkpt>
    <trkpt lat="42.909953" lon="23.60054"></trkpt>
    <trkpt lat="42.909482" lon="23.60061"></trkpt>
    <trkpt lat="42.908998" lon="23.601225"></trkpt>
    <trkpt lat="42.908461" lon="23.601332"></trkpt>
    <trkpt lat="42.908189" lon="23.601488"></trkpt>
    <trkpt lat="42.907722" lon="23.601355"></trkpt>
    <trkpt lat="42.907236" lon="23.601216"></trkpt>
    <trkpt lat="42.90682" lon="23.601112"></trkpt>
    <trkpt lat="42.906479" lon="23.60106"></trkpt>
    <trkpt lat="42.906386" lon="23.600959"></trkpt>
    <trkpt lat="42.905855" lon="23.600872"></trkpt>
    <trkpt lat="42.905343" lon="23.600808"></trkpt>
    <trkpt lat="42.905122" lon="23.600675"></trkpt>
    <trkpt lat="42.904923" lon="23.600698"></trkpt>
    <trkpt lat="42.904774" lon="23.600588"></trkpt>
    <trkpt lat="42.904245" lon="23.600569"></trkpt>
    <trkpt lat="42.903829" lon="23.600684"></trkpt>
    <trkpt lat="42.903545" lon="23.600713"></trkpt>
    <trkpt lat="42.90285" lon="23.600847"></trkpt>
    <trkpt lat="42.902469" lon="23.601218"></trkpt>
    <trkpt lat="42.902278" lon="23.601566"></trkpt>
    <trkpt lat="42.901964" lon="23.601798"></trkpt>
    <trkpt lat="42.901507" lon="23.602028"></trkpt>
    <trkpt lat="42.901213" lon="23.602242"></trkpt>
    <trkpt lat="42.901116" lon="23.602422"></trkpt>
    <trkpt lat="42.901082" lon="23.602718"></trkpt>
    <trkpt lat="42.90095" lon="23.603304"></trkpt>
    <trkpt lat="42.900721" lon="23.603652"></trkpt>
    <trkpt lat="42.900414" lon="23.60421"></trkpt>
    <trkpt lat="42.900172" lon="23.604818"></trkpt>
    <trkpt lat="42.899846" lon="23.605541"></trkpt>
    <trkpt lat="42.899595" lon="23.606143"></trkpt>
    <trkpt lat="42.899464" lon="23.606653"></trkpt>
    <trkpt lat="42.899508" lon="23.606989"></trkpt>
    <trkpt lat="42.899504" lon="23.607493"></trkpt>
    <trkpt lat="42.899424" lon="23.607783"></trkpt>
    <trkpt lat="42.899598" lon="23.608938"></trkpt>
    <trkpt lat="42.899798" lon="23.610293"></trkpt>
    <trkpt lat="42.899698" lon="23.611971"></trkpt>
    <trkpt lat="42.899468" lon="23.612994"></trkpt>
    <trkpt lat="42.899207" lon="23.614668"></trkpt>
    <trkpt lat="42.898664" lon="23.616337"></trkpt>
    <trkpt lat="42.897373" lon="23.617519"></trkpt>
    <trkpt lat="42.89615" lon="23.619136"></trkpt>
    <trkpt lat="42.895742" lon="23.621269"></trkpt>
    <trkpt lat="42.895944" lon="23.622594"></trkpt>
    <trkpt lat="42.89647" lon="23.624147"></trkpt>
    <trkpt lat="42.896623" lon="23.626011"></trkpt>
    <trkpt lat="42.896537" lon="23.628004"></trkpt>
    <trkpt lat="42.89635" lon="23.629187"></trkpt>
    <trkpt lat="42.896656" lon="23.630531"></trkpt>
    <trkpt lat="42.89942" lon="23.633029"></trkpt>
    <trkpt lat="42.899988" lon="23.633974"></trkpt>
    <trkpt lat="42.900277" lon="23.63511"></trkpt>
    <trkpt lat="42.900328" lon="23.635967"></trkpt>
    <trkpt lat="42.899717" lon="23.636918"></trkpt>
    <trkpt lat="42.89895" lon="23.637871"></trkpt>
    <trkpt lat="42.898831" lon="23.638636"></trkpt>
    <trkpt lat="42.898916" lon="23.63954"></trkpt>
    <trkpt lat="42.898338" lon="23.64114"></trkpt>
    <trkpt lat="42.897758" lon="23.642476"></trkpt>
    <trkpt lat="42.897283" lon="23.64484"></trkpt>
    <trkpt lat="42.895584" lon="23.647066"></trkpt>
    <trkpt lat="42.893954" lon="23.649013"></trkpt>
    <trkpt lat="42.892493" lon="23.650451"></trkpt>
    <trkpt lat="42.891101" lon="23.651842"></trkpt>
    <trkpt lat="42.889742" lon="23.652727"></trkpt>
    <trkpt lat="42.888852" lon="23.653305"></trkpt>
    <trkpt lat="42.886729" lon="23.654766"></trkpt>
    <trkpt lat="42.885506" lon="23.656296"></trkpt>
    <trkpt lat="42.883758" lon="23.656301"></trkpt>
    <trkpt lat="42.881108" lon="23.657506"></trkpt>
    <trkpt lat="42.880089" lon="23.660103"></trkpt>
    <trkpt lat="42.879477" lon="23.662421"></trkpt>
    <trkpt lat="42.877574" lon="23.66576"></trkpt>
    <trkpt lat="42.877302" lon="23.667429"></trkpt>
    <trkpt lat="42.8754" lon="23.671509"></trkpt>
    <trkpt lat="42.87173" lon="23.67549"></trkpt>
    <trkpt lat="42.870821" lon="23.678416"></trkpt>
    <trkpt lat="42.869856" lon="23.678228"></trkpt>
    <trkpt lat="42.868496" lon="23.676373"></trkpt>
    <trkpt lat="42.867137" lon="23.6773"></trkpt>
    <trkpt lat="42.865641" lon="23.675631"></trkpt>
    <trkpt lat="42.862585" lon="23.675724"></trkpt>
    <trkpt lat="42.86041" lon="23.676558"></trkpt>
    <trkpt lat="42.859012" lon="23.676226"></trkpt>
    <trkpt lat="42.858366" lon="23.675299"></trkpt>
    <trkpt lat="42.857482" lon="23.675762"></trkpt>
    <trkpt lat="42.855749" lon="23.677524"></trkpt>
    <trkpt lat="42.854762" lon="23.677481"></trkpt>
    <trkpt lat="42.852581" lon="23.678072"></trkpt>
    <trkpt lat="42.849861" lon="23.677515"></trkpt>
    <trkpt lat="42.846258" lon="23.676773"></trkpt>
    <trkpt lat="42.844286" lon="23.677237"></trkpt>
    <trkpt lat="42.842666" lon="23.680319"></trkpt>
    <trkpt lat="42.840422" lon="23.682823"></trkpt>
    <trkpt lat="42.838723" lon="23.684956"></trkpt>
    <trkpt lat="42.836785" lon="23.686718"></trkpt>
    <trkpt lat="42.837397" lon="23.68899"></trkpt>
    <trkpt lat="42.836105" lon="23.692467"></trkpt>
    <trkpt lat="42.835568" lon="23.693179"></trkpt>
    <trkpt lat="42.835942" lon="23.695404"></trkpt>
    <trkpt lat="42.835636" lon="23.697908"></trkpt>
    <trkpt lat="42.834616" lon="23.700319"></trkpt>
    <trkpt lat="42.834466" lon="23.702073"></trkpt>
    <trkpt lat="42.834772" lon="23.703556"></trkpt>
    <trkpt lat="42.833289" lon="23.70628"></trkpt>
    <trkpt lat="42.833799" lon="23.70985"></trkpt>
    <trkpt lat="42.833969" lon="23.71152"></trkpt>
    <trkpt lat="42.833017" lon="23.713143"></trkpt>
    <trkpt lat="42.832745" lon="23.71458"></trkpt>
    <trkpt lat="42.831362" lon="23.714397"></trkpt>
    <trkpt lat="42.827723" lon="23.719173"></trkpt>
    <trkpt lat="42.826397" lon="23.720054"></trkpt>
    <trkpt lat="42.825428" lon="23.720014"></trkpt>
    <trkpt lat="42.824339" lon="23.719828"></trkpt>
    <trkpt lat="42.822503" lon="23.721266"></trkpt>
    <trkpt lat="42.820939" lon="23.721219"></trkpt>
    <trkpt lat="42.820122" lon="23.72057"></trkpt>
    <trkpt lat="42.81917" lon="23.720941"></trkpt>
    <trkpt lat="42.817436" lon="23.721118"></trkpt>
    <trkpt lat="42.815824" lon="23.72201"></trkpt>
    <trkpt lat="42.813987" lon="23.723262"></trkpt>
    <trkpt lat="42.812252" lon="23.724606"></trkpt>
    <trkpt lat="42.810993" lon="23.726183"></trkpt>
    <trkpt lat="42.811265" lon="23.728037"></trkpt>
    <trkpt lat="42.810619" lon="23.729564"></trkpt>
    <trkpt lat="42.810347" lon="23.730816"></trkpt>
    <trkpt lat="42.808884" lon="23.731882"></trkpt>
    <trkpt lat="42.808612" lon="23.733088"></trkpt>
    <trkpt lat="42.809293" lon="23.734712"></trkpt>
    <trkpt lat="42.809157" lon="23.736458"></trkpt>
    <trkpt lat="42.809752" lon="23.737015"></trkpt>
    <trkpt lat="42.810229" lon="23.737872"></trkpt>
    <trkpt lat="42.810076" lon="23.738892"></trkpt>
    <trkpt lat="42.810161" lon="23.739657"></trkpt>
    <trkpt lat="42.809616" lon="23.74026"></trkpt>
    <trkpt lat="42.808715" lon="23.740886"></trkpt>
    <trkpt lat="42.807848" lon="23.741651"></trkpt>
    <trkpt lat="42.806793" lon="23.742764"></trkpt>
    <trkpt lat="42.806487" lon="23.743529"></trkpt>
    <trkpt lat="42.80613" lon="23.744596"></trkpt>
    <trkpt lat="42.805347" lon="23.745152"></trkpt>
    <trkpt lat="42.803763" lon="23.746686"></trkpt>
    <trkpt lat="42.803151" lon="23.747764"></trkpt>
    <trkpt lat="42.80276" lon="23.748785"></trkpt>
    <trkpt lat="42.80284" lon="23.749778"></trkpt>
    <trkpt lat="42.802908" lon="23.750937"></trkpt>
    <trkpt lat="42.803045" lon="23.751656"></trkpt>
    <trkpt lat="42.803045" lon="23.752861"></trkpt>
    <trkpt lat="42.802738" lon="23.754484"></trkpt>
    <trkpt lat="42.801752" lon="23.755527"></trkpt>
    <trkpt lat="42.801327" lon="23.75715"></trkpt>
    <trkpt lat="42.80131" lon="23.758634"></trkpt>
    <trkpt lat="42.801582" lon="23.760952"></trkpt>
    <trkpt lat="42.802365" lon="23.762777"></trkpt>
    <trkpt lat="42.802433" lon="23.763357"></trkpt>
    <trkpt lat="42.802416" lon="23.764145"></trkpt>
    <trkpt lat="42.802603" lon="23.765281"></trkpt>
    <trkpt lat="42.802552" lon="23.766093"></trkpt>
    <trkpt lat="42.801838" lon="23.767182"></trkpt>
    <trkpt lat="42.801463" lon="23.768782"></trkpt>
    <trkpt lat="42.800324" lon="23.770845"></trkpt>
    <trkpt lat="42.799216" lon="23.772272"></trkpt>
    <trkpt lat="42.798859" lon="23.773802"></trkpt>
    <trkpt lat="42.798892" lon="23.775401"></trkpt>
    <trkpt lat="42.798535" lon="23.776839"></trkpt>
    <trkpt lat="42.798705" lon="23.778016"></trkpt>
    <trkpt lat="42.79816" lon="23.77892"></trkpt>
    <trkpt lat="42.797276" lon="23.7795"></trkpt>
    <trkpt lat="42.796799" lon="23.780543"></trkpt>
    <trkpt lat="42.796833" lon="23.781656"></trkpt>
    <trkpt lat="42.796489" lon="23.783656"></trkpt>
    <trkpt lat="42.795621" lon="23.784282"></trkpt>
    <trkpt lat="42.794633" lon="23.784759"></trkpt>
    <trkpt lat="42.79414" lon="23.784017"></trkpt>
    <trkpt lat="42.79363" lon="23.783577"></trkpt>
    <trkpt lat="42.792403" lon="23.782965"></trkpt>
    <trkpt lat="42.791995" lon="23.781782"></trkpt>
    <trkpt lat="42.791365" lon="23.780623"></trkpt>
    <trkpt lat="42.791246" lon="23.779395"></trkpt>
    <trkpt lat="42.791144" lon="23.778606"></trkpt>
    <trkpt lat="42.790685" lon="23.778792"></trkpt>
    <trkpt lat="42.790467" lon="23.780136"></trkpt>
    <trkpt lat="42.789395" lon="23.780323"></trkpt>
    <trkpt lat="42.789037" lon="23.780903"></trkpt>
    <trkpt lat="42.78797" lon="23.782944"></trkpt>
    <trkpt lat="42.787595" lon="23.783756"></trkpt>
    <trkpt lat="42.786472" lon="23.784219"></trkpt>
    <trkpt lat="42.786217" lon="23.785726"></trkpt>
    <trkpt lat="42.786523" lon="23.788021"></trkpt>
    <trkpt lat="42.786116" lon="23.788494"></trkpt>
    <trkpt lat="42.785657" lon="23.788193"></trkpt>
    <trkpt lat="42.785368" lon="23.787196"></trkpt>
    <trkpt lat="42.784755" lon="23.787197"></trkpt>
    <trkpt lat="42.783989" lon="23.787777"></trkpt>
    <trkpt lat="42.783207" lon="23.788936"></trkpt>
    <trkpt lat="42.782781" lon="23.789655"></trkpt>
    <trkpt lat="42.783224" lon="23.790443"></trkpt>
    <trkpt lat="42.784304" lon="23.790466"></trkpt>
    <trkpt lat="42.784894" lon="23.790209"></trkpt>
    <trkpt lat="42.785183" lon="23.790695"></trkpt>
    <trkpt lat="42.785013" lon="23.7916"></trkpt>
    <trkpt lat="42.784706" lon="23.792967"></trkpt>
    <trkpt lat="42.783975" lon="23.794266"></trkpt>
    <trkpt lat="42.782801" lon="23.795703"></trkpt>
    <trkpt lat="42.782248" lon="23.795535"></trkpt>
    <trkpt lat="42.781899" lon="23.795442"></trkpt>
    <trkpt lat="42.780682" lon="23.796145"></trkpt>
    <trkpt lat="42.780418" lon="23.796539"></trkpt>
    <trkpt lat="42.779993" lon="23.79727"></trkpt>
    <trkpt lat="42.779789" lon="23.797687"></trkpt>
    <trkpt lat="42.779977" lon="23.798127"></trkpt>
    <trkpt lat="42.780632" lon="23.798475"></trkpt>
    <trkpt lat="42.780843" lon="23.798804"></trkpt>
    <trkpt lat="42.781141" lon="23.799459"></trkpt>
    <trkpt lat="42.781456" lon="23.79954"></trkpt>
    <trkpt lat="42.779182" lon="23.799292"></trkpt>
    <trkpt lat="42.777787" lon="23.801935"></trkpt>
    <trkpt lat="42.777072" lon="23.805181"></trkpt>
    <trkpt lat="42.776562" lon="23.806247"></trkpt>
    <trkpt lat="42.777039" lon="23.808241"></trkpt>
    <trkpt lat="42.776256" lon="23.810142"></trkpt>
    <trkpt lat="42.773976" lon="23.809563"></trkpt>
    <trkpt lat="42.770727" lon="23.809822"></trkpt>
    <trkpt lat="42.769706" lon="23.810286"></trkpt>
    <trkpt lat="42.769161" lon="23.811491"></trkpt>
    <trkpt lat="42.769161" lon="23.812929"></trkpt>
    <trkpt lat="42.769638" lon="23.814412"></trkpt>
    <trkpt lat="42.769502" lon="23.815664"></trkpt>
    <trkpt lat="42.770114" lon="23.818075"></trkpt>
    <trkpt lat="42.771135" lon="23.818632"></trkpt>
    <trkpt lat="42.771374" lon="23.82044"></trkpt>
    <trkpt lat="42.770795" lon="23.822666"></trkpt>
    <trkpt lat="42.770863" lon="23.823778"></trkpt>
    <trkpt lat="42.769944" lon="23.825494"></trkpt>
    <trkpt lat="42.770058" lon="23.827674"></trkpt>
    <trkpt lat="42.771555" lon="23.828277"></trkpt>
    <trkpt lat="42.773904" lon="23.829831"></trkpt>
    <trkpt lat="42.774687" lon="23.830294"></trkpt>
    <trkpt lat="42.774518" lon="23.83201"></trkpt>
    <trkpt lat="42.774723" lon="23.833262"></trkpt>
    <trkpt lat="42.774246" lon="23.834699"></trkpt>
    <trkpt lat="42.775233" lon="23.835719"></trkpt>
    <trkpt lat="42.774757" lon="23.837388"></trkpt>
    <trkpt lat="42.773122" lon="23.839846"></trkpt>
    <trkpt lat="42.772135" lon="23.84119"></trkpt>
    <trkpt lat="42.771182" lon="23.840773"></trkpt>
    <trkpt lat="42.770058" lon="23.842025"></trkpt>
    <trkpt lat="42.76771" lon="23.843996"></trkpt>
    <trkpt lat="42.767744" lon="23.846128"></trkpt>
    <trkpt lat="42.767975" lon="23.847857"></trkpt>
    <trkpt lat="42.767719" lon="23.848181"></trkpt>
    <trkpt lat="42.767736" lon="23.849225"></trkpt>
    <trkpt lat="42.767481" lon="23.849804"></trkpt>
    <trkpt lat="42.767464" lon="23.850314"></trkpt>
    <trkpt lat="42.767107" lon="23.850893"></trkpt>
    <trkpt lat="42.767548" lon="23.851796"></trkpt>
    <trkpt lat="42.767768" lon="23.85256"></trkpt>
    <trkpt lat="42.767853" lon="23.853348"></trkpt>
    <trkpt lat="42.76753" lon="23.853882"></trkpt>
    <trkpt lat="42.766202" lon="23.855041"></trkpt>
    <trkpt lat="42.76627" lon="23.855296"></trkpt>
    <trkpt lat="42.766984" lon="23.854994"></trkpt>
    <trkpt lat="42.76824" lon="23.855268"></trkpt>
    <trkpt lat="42.76921" lon="23.855616"></trkpt>
    <trkpt lat="42.769959" lon="23.856752"></trkpt>
    <trkpt lat="42.770265" lon="23.857332"></trkpt>
    <trkpt lat="42.770112" lon="23.857563"></trkpt>
    <trkpt lat="42.769261" lon="23.856937"></trkpt>
    <trkpt lat="42.768598" lon="23.856938"></trkpt>
    <trkpt lat="42.768581" lon="23.857657"></trkpt>
    <trkpt lat="42.768785" lon="23.858561"></trkpt>
    <trkpt lat="42.76858" lon="23.860072"></trkpt>
    <trkpt lat="42.768546" lon="23.860837"></trkpt>
    <trkpt lat="42.76857" lon="23.861527"></trkpt>
    <trkpt lat="42.767702" lon="23.861874"></trkpt>
    <trkpt lat="42.767344" lon="23.86199"></trkpt>
    <trkpt lat="42.767633" lon="23.8625"></trkpt>
    <trkpt lat="42.768501" lon="23.8625"></trkpt>
    <trkpt lat="42.769165" lon="23.861805"></trkpt>
    <trkpt lat="42.769574" lon="23.861735"></trkpt>
    <trkpt lat="42.770374" lon="23.862129"></trkpt>
    <trkpt lat="42.770731" lon="23.862894"></trkpt>
    <trkpt lat="42.771842" lon="23.863075"></trkpt>
    <trkpt lat="42.773306" lon="23.862889"></trkpt>
    <trkpt lat="42.773561" lon="23.86333"></trkpt>
    <trkpt lat="42.773204" lon="23.864721"></trkpt>
    <trkpt lat="42.772693" lon="23.864814"></trkpt>
    <trkpt lat="42.771825" lon="23.86537"></trkpt>
    <trkpt lat="42.771587" lon="23.866113"></trkpt>
    <trkpt lat="42.771723" lon="23.866993"></trkpt>
    <trkpt lat="42.77191" lon="23.86792"></trkpt>
    <trkpt lat="42.771177" lon="23.869601"></trkpt>
    <trkpt lat="42.77053" lon="23.871432"></trkpt>
    <trkpt lat="42.770445" lon="23.87194"></trkpt>
    <trkpt lat="42.770649" lon="23.872925"></trkpt>
    <trkpt lat="42.770275" lon="23.874548"></trkpt>
    <trkpt lat="42.770019" lon="23.875638"></trkpt>
    <trkpt lat="42.769019" lon="23.8766"></trkpt>
    <trkpt lat="42.768644" lon="23.877643"></trkpt>
    <trkpt lat="42.768185" lon="23.878547"></trkpt>
    <trkpt lat="42.768066" lon="23.879452"></trkpt>
    <trkpt lat="42.768305" lon="23.880773"></trkpt>
    <trkpt lat="42.768696" lon="23.881769"></trkpt>
    <trkpt lat="42.769392" lon="23.882387"></trkpt>
    <trkpt lat="42.769681" lon="23.883292"></trkpt>
    <trkpt lat="42.769562" lon="23.884312"></trkpt>
    <trkpt lat="42.769681" lon="23.885332"></trkpt>
    <trkpt lat="42.769324" lon="23.886909"></trkpt>
    <trkpt lat="42.769383" lon="23.887851"></trkpt>
    <trkpt lat="42.76855" lon="23.888337"></trkpt>
    <trkpt lat="42.767579" lon="23.889079"></trkpt>
    <trkpt lat="42.767324" lon="23.889682"></trkpt>
    <trkpt lat="42.76678" lon="23.889149"></trkpt>
    <trkpt lat="42.76632" lon="23.889935"></trkpt>
    <trkpt lat="42.765555" lon="23.890352"></trkpt>
    <trkpt lat="42.765129" lon="23.890746"></trkpt>
    <trkpt lat="42.764406" lon="23.890932"></trkpt>
    <trkpt lat="42.763963" lon="23.891627"></trkpt>
    <trkpt lat="42.763657" lon="23.893227"></trkpt>
    <trkpt lat="42.764457" lon="23.893088"></trkpt>
    <trkpt lat="42.764851" lon="23.893714"></trkpt>
    <trkpt lat="42.764239" lon="23.895058"></trkpt>
    <trkpt lat="42.764597" lon="23.8958"></trkpt>
    <trkpt lat="42.764954" lon="23.89682"></trkpt>
    <trkpt lat="42.765784" lon="23.897813"></trkpt>
    <trkpt lat="42.766073" lon="23.898949"></trkpt>
    <trkpt lat="42.766533" lon="23.899668"></trkpt>
    <trkpt lat="42.767197" lon="23.899714"></trkpt>
    <trkpt lat="42.76862" lon="23.899785"></trkpt>
    <trkpt lat="42.768637" lon="23.900252"></trkpt>
    <trkpt lat="42.768347" lon="23.90104"></trkpt>
    <trkpt lat="42.768603" lon="23.901365"></trkpt>
    <trkpt lat="42.76913" lon="23.900971"></trkpt>
    <trkpt lat="42.769488" lon="23.900438"></trkpt>
    <trkpt lat="42.769553" lon="23.900652"></trkpt>
    <trkpt lat="42.769434" lon="23.901023"></trkpt>
    <trkpt lat="42.770098" lon="23.901904"></trkpt>
    <trkpt lat="42.771" lon="23.902437"></trkpt>
    <trkpt lat="42.771323" lon="23.9029"></trkpt>
    <trkpt lat="42.771681" lon="23.9029"></trkpt>
    <trkpt lat="42.771596" lon="23.902553"></trkpt>
    <trkpt lat="42.770523" lon="23.901393"></trkpt>
    <trkpt lat="42.770352" lon="23.901046"></trkpt>
    <trkpt lat="42.770625" lon="23.900397"></trkpt>
    <trkpt lat="42.770897" lon="23.900443"></trkpt>
    <trkpt lat="42.770608" lon="23.900976"></trkpt>
    <trkpt lat="42.770693" lon="23.901278"></trkpt>
    <trkpt lat="42.771765" lon="23.902019"></trkpt>
    <trkpt lat="42.772582" lon="23.902274"></trkpt>
    <trkpt lat="42.773399" lon="23.902276"></trkpt>
    <trkpt lat="42.773807" lon="23.902623"></trkpt>
    <trkpt lat="42.773807" lon="23.90339"></trkpt>
    <trkpt lat="42.774005" lon="23.90415"></trkpt>
    <trkpt lat="42.774515" lon="23.904822"></trkpt>
    <trkpt lat="42.774941" lon="23.906262"></trkpt>
    <trkpt lat="42.775451" lon="23.907259"></trkpt>
    <trkpt lat="42.775673" lon="23.908511"></trkpt>
    <trkpt lat="42.775979" lon="23.909809"></trkpt>
    <trkpt lat="42.775553" lon="23.910713"></trkpt>
    <trkpt lat="42.775212" lon="23.912452"></trkpt>
    <trkpt lat="42.774717" lon="23.914297"></trkpt>
    <trkpt lat="42.774479" lon="23.915572"></trkpt>
    <trkpt lat="42.77436" lon="23.916615"></trkpt>
    <trkpt lat="42.773901" lon="23.917451"></trkpt>
    <trkpt lat="42.772895" lon="23.920078"></trkpt>
    <trkpt lat="42.772044" lon="23.922906"></trkpt>
    <trkpt lat="42.770479" lon="23.924251"></trkpt>
    <trkpt lat="42.769334" lon="23.92645"></trkpt>
    <trkpt lat="42.767666" lon="23.929375"></trkpt>
    <trkpt lat="42.766366" lon="23.929983"></trkpt>
    <trkpt lat="42.765005" lon="23.933136"></trkpt>
    <trkpt lat="42.763813" lon="23.93411"></trkpt>
    <trkpt lat="42.761975" lon="23.933136"></trkpt>
    <trkpt lat="42.760136" lon="23.933182"></trkpt>
    <trkpt lat="42.758298" lon="23.934548"></trkpt>
    <trkpt lat="42.756558" lon="23.935241"></trkpt>
    <trkpt lat="42.755296" lon="23.936818"></trkpt>
    <trkpt lat="42.754615" lon="23.938256"></trkpt>
    <trkpt lat="42.753321" lon="23.93807"></trkpt>
    <trkpt lat="42.752266" lon="23.938673"></trkpt>
    <trkpt lat="42.752368" lon="23.939832"></trkpt>
    <trkpt lat="42.751994" lon="23.941872"></trkpt>
    <trkpt lat="42.752504" lon="23.9428"></trkpt>
    <trkpt lat="42.754616" lon="23.942614"></trkpt>
    <trkpt lat="42.756761" lon="23.944191"></trkpt>
    <trkpt lat="42.75768" lon="23.945582"></trkpt>
    <trkpt lat="42.757714" lon="23.948596"></trkpt>
    <trkpt lat="42.757733" lon="23.950908"></trkpt>
    <trkpt lat="42.757595" lon="23.952358"></trkpt>
    <trkpt lat="42.75596" lon="23.9544"></trkpt>
    <trkpt lat="42.754701" lon="23.95695"></trkpt>
    <trkpt lat="42.754634" lon="23.959596"></trkpt>
    <trkpt lat="42.753272" lon="23.963217"></trkpt>
    <trkpt lat="42.753292" lon="23.965262"></trkpt>
    <trkpt lat="42.752906" lon="23.968182"></trkpt>
    <trkpt lat="42.751408" lon="23.97032"></trkpt>
    <trkpt lat="42.750999" lon="23.972546"></trkpt>
    <trkpt lat="42.751748" lon="23.977275"></trkpt>
    <trkpt lat="42.752361" lon="23.979315"></trkpt>
    <trkpt lat="42.750874" lon="23.982757"></trkpt>
    <trkpt lat="42.749614" lon="23.98438"></trkpt>
    <trkpt lat="42.748627" lon="23.98642"></trkpt>
    <trkpt lat="42.747299" lon="23.987023"></trkpt>
    <trkpt lat="42.746175" lon="23.987765"></trkpt>
    <trkpt lat="42.744541" lon="23.990361"></trkpt>
    <trkpt lat="42.743519" lon="23.991613"></trkpt>
    <trkpt lat="42.741792" lon="23.993178"></trkpt>
    <trkpt lat="42.741179" lon="23.995542"></trkpt>
    <trkpt lat="42.741656" lon="23.99888"></trkpt>
    <trkpt lat="42.741213" lon="24.000549"></trkpt>
    <trkpt lat="42.741111" lon="24.002543"></trkpt>
    <trkpt lat="42.740121" lon="24.004722"></trkpt>
    <trkpt lat="42.738016" lon="24.009047"></trkpt>
    <trkpt lat="42.737505" lon="24.010901"></trkpt>
    <trkpt lat="42.736156" lon="24.012008"></trkpt>
    <trkpt lat="42.73493" lon="24.014234"></trkpt>
    <trkpt lat="42.733091" lon="24.017943"></trkpt>
    <trkpt lat="42.731723" lon="24.020501"></trkpt>
    <trkpt lat="42.732472" lon="24.022727"></trkpt>
    <trkpt lat="42.73441" lon="24.025205"></trkpt>
    <trkpt lat="42.735329" lon="24.028311"></trkpt>
    <trkpt lat="42.736283" lon="24.032623"></trkpt>
    <trkpt lat="42.735738" lon="24.035683"></trkpt>
    <trkpt lat="42.734034" lon="24.03921"></trkpt>
    <trkpt lat="42.731892" lon="24.043757"></trkpt>
    <trkpt lat="42.732315" lon="24.046182"></trkpt>
    <trkpt lat="42.732554" lon="24.047758"></trkpt>
    <trkpt lat="42.733883" lon="24.049195"></trkpt>
    <trkpt lat="42.735245" lon="24.049566"></trkpt>
    <trkpt lat="42.736603" lon="24.049155"></trkpt>
    <trkpt lat="42.736126" lon="24.050361"></trkpt>
    <trkpt lat="42.736671" lon="24.053513"></trkpt>
    <trkpt lat="42.736705" lon="24.055832"></trkpt>
    <trkpt lat="42.737011" lon="24.057455"></trkpt>
    <trkpt lat="42.736943" lon="24.060839"></trkpt>
    <trkpt lat="42.737488" lon="24.063529"></trkpt>
    <trkpt lat="42.737658" lon="24.065105"></trkpt>
    <trkpt lat="42.738748" lon="24.06645"></trkpt>
    <trkpt lat="42.739818" lon="24.069237"></trkpt>
    <trkpt lat="42.740066" lon="24.070262"></trkpt>
    <trkpt lat="42.740066" lon="24.070378"></trkpt>
    <trkpt lat="42.740025" lon="24.070513"></trkpt>
    <trkpt lat="42.740025" lon="24.070513"></trkpt>
    <trkpt lat="42.739522" lon="24.072855"></trkpt>
    <trkpt lat="42.738838" lon="24.074877"></trkpt>
    <trkpt lat="42.738532" lon="24.075526"></trkpt>
    <trkpt lat="42.739366" lon="24.076259"></trkpt>
    <trkpt lat="42.740618" lon="24.076201"></trkpt>
    <trkpt lat="42.741623" lon="24.075977"></trkpt>
    <trkpt lat="42.743377" lon="24.075351"></trkpt>
    <trkpt lat="42.745048" lon="24.075257"></trkpt>
    <trkpt lat="42.745678" lon="24.075361"></trkpt>
    <trkpt lat="42.746708" lon="24.0764"></trkpt>
    <trkpt lat="42.747568" lon="24.076539"></trkpt>
    <trkpt lat="42.748615" lon="24.076365"></trkpt>
    <trkpt lat="42.750086" lon="24.075982"></trkpt>
    <trkpt lat="42.750674" lon="24.076167"></trkpt>
    <trkpt lat="42.751375" lon="24.07604"></trkpt>
    <trkpt lat="42.751868" lon="24.07655"></trkpt>
    <trkpt lat="42.751553" lon="24.077396"></trkpt>
    <trkpt lat="42.752786" lon="24.075366"></trkpt>
    <trkpt lat="42.755305" lon="24.076293"></trkpt>
    <trkpt lat="42.756735" lon="24.076757"></trkpt>
    <trkpt lat="42.757211" lon="24.078148"></trkpt>
    <trkpt lat="42.757666" lon="24.08062"></trkpt>
    <trkpt lat="42.758926" lon="24.083174"></trkpt>
    <trkpt lat="42.76027" lon="24.087225"></trkpt>
    <trkpt lat="42.761291" lon="24.089172"></trkpt>
    <trkpt lat="42.76312" lon="24.091794"></trkpt>
    <trkpt lat="42.764481" lon="24.093649"></trkpt>
    <trkpt lat="42.765417" lon="24.094297"></trkpt>
    <trkpt lat="42.765579" lon="24.097667"></trkpt>
    <trkpt lat="42.766107" lon="24.099613"></trkpt>
    <trkpt lat="42.766532" lon="24.102279"></trkpt>
    <trkpt lat="42.76684" lon="24.105228"></trkpt>
    <trkpt lat="42.76692" lon="24.108471"></trkpt>
    <trkpt lat="42.767073" lon="24.11058"></trkpt>
    <trkpt lat="42.767362" lon="24.112319"></trkpt>
    <trkpt lat="42.768111" lon="24.113154"></trkpt>
    <trkpt lat="42.769745" lon="24.114197"></trkpt>
    <trkpt lat="42.770119" lon="24.115588"></trkpt>
    <trkpt lat="42.770456" lon="24.117051"></trkpt>
    <trkpt lat="42.77083" lon="24.119091"></trkpt>
    <trkpt lat="42.771051" lon="24.120528"></trkpt>
    <trkpt lat="42.771482" lon="24.12236"></trkpt>
    <trkpt lat="42.773218" lon="24.124261"></trkpt>
    <trkpt lat="42.774103" lon="24.125768"></trkpt>
    <trkpt lat="42.774902" lon="24.128017"></trkpt>
    <trkpt lat="42.774324" lon="24.130011"></trkpt>
    <trkpt lat="42.775343" lon="24.133056"></trkpt>
    <trkpt lat="42.775768" lon="24.13549"></trkpt>
    <trkpt lat="42.776041" lon="24.138418"></trkpt>
    <trkpt lat="42.77553" lon="24.140667"></trkpt>
    <trkpt lat="42.774836" lon="24.143094"></trkpt>
    <trkpt lat="42.773982" lon="24.145943"></trkpt>
    <trkpt lat="42.772741" lon="24.149784"></trkpt>
    <trkpt lat="42.771102" lon="24.153414"></trkpt>
    <trkpt lat="42.770045" lon="24.157664"></trkpt>
    <trkpt lat="42.769671" lon="24.15995"></trkpt>
    <trkpt lat="42.768718" lon="24.162361"></trkpt>
    <trkpt lat="42.767912" lon="24.165057"></trkpt>
    <trkpt lat="42.767364" lon="24.169674"></trkpt>
    <trkpt lat="42.767107" lon="24.17272"></trkpt>
    <trkpt lat="42.766818" lon="24.175896"></trkpt>
    <trkpt lat="42.766389" lon="24.17959"></trkpt>
    <trkpt lat="42.765401" lon="24.18214"></trkpt>
    <trkpt lat="42.764272" lon="24.183861"></trkpt>
    <trkpt lat="42.762978" lon="24.188012"></trkpt>
    <trkpt lat="42.762689" lon="24.189797"></trkpt>
    <trkpt lat="42.763098" lon="24.19295"></trkpt>
    <trkpt lat="42.763234" lon="24.194784"></trkpt>
    <trkpt lat="42.762877" lon="24.196355"></trkpt>
    <trkpt lat="42.763115" lon="24.198581"></trkpt>
    <trkpt lat="42.763523" lon="24.201688"></trkpt>
    <trkpt lat="42.763796" lon="24.203218"></trkpt>
    <trkpt lat="42.763223" lon="24.20385"></trkpt>
    <trkpt lat="42.762984" lon="24.206987"></trkpt>
    <trkpt lat="42.763052" lon="24.208308"></trkpt>
    <trkpt lat="42.763152" lon="24.210181"></trkpt>
    <trkpt lat="42.763527" lon="24.210575"></trkpt>
    <trkpt lat="42.763714" lon="24.212404"></trkpt>
    <trkpt lat="42.763476" lon="24.213563"></trkpt>
    <trkpt lat="42.763784" lon="24.216322"></trkpt>
    <trkpt lat="42.764176" lon="24.218558"></trkpt>
    <trkpt lat="42.764754" lon="24.220621"></trkpt>
    <trkpt lat="42.76518" lon="24.222037"></trkpt>
    <trkpt lat="42.765731" lon="24.224258"></trkpt>
    <trkpt lat="42.766106" lon="24.226971"></trkpt>
    <trkpt lat="42.766214" lon="24.229618"></trkpt>
    <trkpt lat="42.766354" lon="24.231017"></trkpt>
    <trkpt lat="42.76729" lon="24.233451"></trkpt>
    <trkpt lat="42.768566" lon="24.23563"></trkpt>
    <trkpt lat="42.770195" lon="24.238421"></trkpt>
    <trkpt lat="42.771642" lon="24.241272"></trkpt>
    <trkpt lat="42.773265" lon="24.244881"></trkpt>
    <trkpt lat="42.774695" lon="24.2475"></trkpt>
    <trkpt lat="42.775217" lon="24.250957"></trkpt>
    <trkpt lat="42.775199" lon="24.252626"></trkpt>
    <trkpt lat="42.774718" lon="24.255493"></trkpt>
    <trkpt lat="42.773699" lon="24.259096"></trkpt>
    <trkpt lat="42.772824" lon="24.261493"></trkpt>
    <trkpt lat="42.772778" lon="24.262689"></trkpt>
    <trkpt lat="42.772693" lon="24.264544"></trkpt>
    <trkpt lat="42.772611" lon="24.26596"></trkpt>
    <trkpt lat="42.772764" lon="24.267328"></trkpt>
    <trkpt lat="42.772611" lon="24.268444"></trkpt>
    <trkpt lat="42.772331" lon="24.269856"></trkpt>
    <trkpt lat="42.77187" lon="24.27056"></trkpt>
    <trkpt lat="42.772096" lon="24.271705"></trkpt>
    <trkpt lat="42.772028" lon="24.272991"></trkpt>
    <trkpt lat="42.771909" lon="24.273629"></trkpt>
    <trkpt lat="42.771739" lon="24.276152"></trkpt>
    <trkpt lat="42.77163" lon="24.277786"></trkpt>
    <trkpt lat="42.771731" lon="24.279793"></trkpt>
    <trkpt lat="42.771793" lon="24.281508"></trkpt>
    <trkpt lat="42.772161" lon="24.28255"></trkpt>
    <trkpt lat="42.772195" lon="24.283663"></trkpt>
    <trkpt lat="42.772144" lon="24.284498"></trkpt>
    <trkpt lat="42.772399" lon="24.285657"></trkpt>
    <trkpt lat="42.772425" lon="24.286155"></trkpt>
    <trkpt lat="42.771891" lon="24.289272"></trkpt>
    <trkpt lat="42.771755" lon="24.290339"></trkpt>
    <trkpt lat="42.771244" lon="24.290802"></trkpt>
    <trkpt lat="42.769232" lon="24.295249"></trkpt>
    <trkpt lat="42.768891" lon="24.298728"></trkpt>
    <trkpt lat="42.767462" lon="24.302901"></trkpt>
    <trkpt lat="42.7661" lon="24.306332"></trkpt>
    <trkpt lat="42.765692" lon="24.308187"></trkpt>
    <trkpt lat="42.764026" lon="24.309209"></trkpt>
    <trkpt lat="42.762289" lon="24.312948"></trkpt>
    <trkpt lat="42.761812" lon="24.315777"></trkpt>
    <trkpt lat="42.761485" lon="24.318255"></trkpt>
    <trkpt lat="42.759767" lon="24.323203"></trkpt>
    <trkpt lat="42.756446" lon="24.327841"></trkpt>
    <trkpt lat="42.753887" lon="24.330488"></trkpt>
    <trkpt lat="42.751776" lon="24.33225"></trkpt>
    <trkpt lat="42.750244" lon="24.335032"></trkpt>
    <trkpt lat="42.749836" lon="24.337675"></trkpt>
    <trkpt lat="42.750346" lon="24.34041"></trkpt>
    <trkpt lat="42.752968" lon="24.343611"></trkpt>
    <trkpt lat="42.753065" lon="24.346834"></trkpt>
    <trkpt lat="42.75361" lon="24.351056"></trkpt>
    <trkpt lat="42.755006" lon="24.354348"></trkpt>
    <trkpt lat="42.754019" lon="24.35611"></trkpt>
    <trkpt lat="42.752793" lon="24.360144"></trkpt>
    <trkpt lat="42.750986" lon="24.36368"></trkpt>
    <trkpt lat="42.75068" lon="24.365905"></trkpt>
    <trkpt lat="42.750641" lon="24.368647"></trkpt>
    <trkpt lat="42.749892" lon="24.369946"></trkpt>
    <trkpt lat="42.749211" lon="24.371754"></trkpt>
    <trkpt lat="42.748864" lon="24.374529"></trkpt>
    <trkpt lat="42.748864" lon="24.376553"></trkpt>
    <trkpt lat="42.748253" lon="24.378613"></trkpt>
    <trkpt lat="42.748781" lon="24.380653"></trkpt>
    <trkpt lat="42.74936" lon="24.382647"></trkpt>
    <trkpt lat="42.749893" lon="24.385394"></trkpt>
    <trkpt lat="42.750897" lon="24.388385"></trkpt>
    <trkpt lat="42.751221" lon="24.389661"></trkpt>
    <trkpt lat="42.751371" lon="24.390536"></trkpt>
    <trkpt lat="42.751218" lon="24.392321"></trkpt>
    <trkpt lat="42.75137" lon="24.394106"></trkpt>
    <trkpt lat="42.751444" lon="24.39896"></trkpt>
    <trkpt lat="42.751716" lon="24.400768"></trkpt>
    <trkpt lat="42.752116" lon="24.402391"></trkpt>
    <trkpt lat="42.752525" lon="24.404501"></trkpt>
    <trkpt lat="42.752389" lon="24.405892"></trkpt>
    <trkpt lat="42.752014" lon="24.407121"></trkpt>
    <trkpt lat="42.751559" lon="24.410121"></trkpt>
    <trkpt lat="42.751542" lon="24.411118"></trkpt>
    <trkpt lat="42.751542" lon="24.411628"></trkpt>
    <trkpt lat="42.751287" lon="24.412138"></trkpt>
    <trkpt lat="42.751321" lon="24.412764"></trkpt>
    <trkpt lat="42.750946" lon="24.414502"></trkpt>
    <trkpt lat="42.750997" lon="24.415893"></trkpt>
    <trkpt lat="42.75144" lon="24.417887"></trkpt>
    <trkpt lat="42.751849" lon="24.419417"></trkpt>
    <trkpt lat="42.752615" lon="24.421323"></trkpt>
    <trkpt lat="42.753093" lon="24.422738"></trkpt>
    <trkpt lat="42.753139" lon="24.425254"></trkpt>
    <trkpt lat="42.753275" lon="24.426576"></trkpt>
    <trkpt lat="42.752492" lon="24.427967"></trkpt>
    <trkpt lat="42.752032" lon="24.429103"></trkpt>
    <trkpt lat="42.751522" lon="24.430447"></trkpt>
    <trkpt lat="42.751573" lon="24.431087"></trkpt>
    <trkpt lat="42.751726" lon="24.431759"></trkpt>
    <trkpt lat="42.751777" lon="24.43322"></trkpt>
    <trkpt lat="42.751828" lon="24.43468"></trkpt>
    <trkpt lat="42.751578" lon="24.435925"></trkpt>
    <trkpt lat="42.750914" lon="24.437432"></trkpt>
    <trkpt lat="42.750558" lon="24.438939"></trkpt>
    <trkpt lat="42.749962" lon="24.440979"></trkpt>
    <trkpt lat="42.749503" lon="24.441837"></trkpt>
    <trkpt lat="42.748924" lon="24.443622"></trkpt>
    <trkpt lat="42.748822" lon="24.444642"></trkpt>
    <trkpt lat="42.749243" lon="24.446527"></trkpt>
    <trkpt lat="42.749209" lon="24.448914"></trkpt>
    <trkpt lat="42.748918" lon="24.450403"></trkpt>
    <trkpt lat="42.749259" lon="24.45242"></trkpt>
    <trkpt lat="42.749669" lon="24.453956"></trkpt>
    <trkpt lat="42.749941" lon="24.456396"></trkpt>
    <trkpt lat="42.750282" lon="24.457671"></trkpt>
    <trkpt lat="42.750111" lon="24.459109"></trkpt>
    <trkpt lat="42.75035" lon="24.460871"></trkpt>
    <trkpt lat="42.750274" lon="24.462618"></trkpt>
    <trkpt lat="42.750496" lon="24.463313"></trkpt>
    <trkpt lat="42.750904" lon="24.463916"></trkpt>
    <trkpt lat="42.751143" lon="24.464843"></trkpt>
    <trkpt lat="42.751415" lon="24.465516"></trkpt>
    <trkpt lat="42.75242" lon="24.466145"></trkpt>
    <trkpt lat="42.753203" lon="24.467304"></trkpt>
    <trkpt lat="42.753815" lon="24.468846"></trkpt>
    <trkpt lat="42.754071" lon="24.470098"></trkpt>
    <trkpt lat="42.754456" lon="24.471169"></trkpt>
    <trkpt lat="42.755018" lon="24.472166"></trkpt>
    <trkpt lat="42.755954" lon="24.473851"></trkpt>
    <trkpt lat="42.756805" lon="24.474987"></trkpt>
    <trkpt lat="42.758134" lon="24.476366"></trkpt>
    <trkpt lat="42.758474" lon="24.476923"></trkpt>
    <trkpt lat="42.75861" lon="24.477595"></trkpt>
    <trkpt lat="42.759615" lon="24.478314"></trkpt>
    <trkpt lat="42.760681" lon="24.478919"></trkpt>
    <trkpt lat="42.761464" lon="24.478919"></trkpt>
    <trkpt lat="42.762145" lon="24.478943"></trkpt>
    <trkpt lat="42.762755" lon="24.478673"></trkpt>
    <trkpt lat="42.76335" lon="24.479068"></trkpt>
    <trkpt lat="42.763725" lon="24.479902"></trkpt>
    <trkpt lat="42.764355" lon="24.480366"></trkpt>
    <trkpt lat="42.765053" lon="24.480111"></trkpt>
    <trkpt lat="42.765564" lon="24.481206"></trkpt>
    <trkpt lat="42.766245" lon="24.481669"></trkpt>
    <trkpt lat="42.766773" lon="24.48211"></trkpt>
    <trkpt lat="42.767372" lon="24.482212"></trkpt>
    <trkpt lat="42.768172" lon="24.482536"></trkpt>
    <trkpt lat="42.768801" lon="24.482397"></trkpt>
    <trkpt lat="42.769118" lon="24.482269"></trkpt>
    <trkpt lat="42.769748" lon="24.482153"></trkpt>
    <trkpt lat="42.770684" lon="24.482315"></trkpt>
    <trkpt lat="42.77215" lon="24.482005"></trkpt>
    <trkpt lat="42.772729" lon="24.482098"></trkpt>
    <trkpt lat="42.773699" lon="24.482353"></trkpt>
    <trkpt lat="42.774346" lon="24.48233"></trkpt>
    <trkpt lat="42.774891" lon="24.481611"></trkpt>
    <trkpt lat="42.775206" lon="24.481768"></trkpt>
    <trkpt lat="42.776587" lon="24.482811"></trkpt>
    <trkpt lat="42.777013" lon="24.482927"></trkpt>
    <trkpt lat="42.777387" lon="24.482162"></trkpt>
    <trkpt lat="42.778119" lon="24.48149"></trkpt>
    <trkpt lat="42.780456" lon="24.481147"></trkpt>
    <trkpt lat="42.781154" lon="24.481426"></trkpt>
    <trkpt lat="42.782447" lon="24.482608"></trkpt>
    <trkpt lat="42.783161" lon="24.483303"></trkpt>
    <trkpt lat="42.783961" lon="24.485019"></trkpt>
    <trkpt lat="42.784468" lon="24.485554"></trkpt>
    <trkpt lat="42.785404" lon="24.486133"></trkpt>
    <trkpt lat="42.786391" lon="24.4872"></trkpt>
    <trkpt lat="42.788283" lon="24.48857"></trkpt>
    <trkpt lat="42.788913" lon="24.489938"></trkpt>
    <trkpt lat="42.790333" lon="24.491267"></trkpt>
    <trkpt lat="42.791286" lon="24.491548"></trkpt>
    <trkpt lat="42.792239" lon="24.492151"></trkpt>
    <trkpt lat="42.792868" lon="24.49331"></trkpt>
    <trkpt lat="42.793634" lon="24.494909"></trkpt>
    <trkpt lat="42.79343" lon="24.495767"></trkpt>
    <trkpt lat="42.792897" lon="24.497098"></trkpt>
    <trkpt lat="42.792744" lon="24.498767"></trkpt>
    <trkpt lat="42.792982" lon="24.500321"></trkpt>
    <trkpt lat="42.793856" lon="24.501652"></trkpt>
    <trkpt lat="42.794162" lon="24.502278"></trkpt>
    <trkpt lat="42.793873" lon="24.503206"></trkpt>
    <trkpt lat="42.792846" lon="24.504765"></trkpt>
    <trkpt lat="42.792625" lon="24.506528"></trkpt>
    <trkpt lat="42.792761" lon="24.507965"></trkpt>
    <trkpt lat="42.792948" lon="24.50924"></trkpt>
    <trkpt lat="42.792949" lon="24.511166"></trkpt>
    <trkpt lat="42.792422" lon="24.512557"></trkpt>
    <trkpt lat="42.792422" lon="24.513554"></trkpt>
    <trkpt lat="42.791639" lon="24.514596"></trkpt>
    <trkpt lat="42.79089" lon="24.515291"></trkpt>
    <trkpt lat="42.790311" lon="24.515419"></trkpt>
    <trkpt lat="42.789919" lon="24.515836"></trkpt>
    <trkpt lat="42.789477" lon="24.517876"></trkpt>
    <trkpt lat="42.789341" lon="24.518549"></trkpt>
    <trkpt lat="42.78866" lon="24.51943"></trkpt>
    <trkpt lat="42.788048" lon="24.51936"></trkpt>
    <trkpt lat="42.787418" lon="24.519592"></trkpt>
    <trkpt lat="42.787078" lon="24.520774"></trkpt>
    <trkpt lat="42.786755" lon="24.521261"></trkpt>
    <trkpt lat="42.786806" lon="24.521864"></trkpt>
    <trkpt lat="42.787333" lon="24.522467"></trkpt>
    <trkpt lat="42.787623" lon="24.523"></trkpt>
    <trkpt lat="42.787538" lon="24.523672"></trkpt>
    <trkpt lat="42.78764" lon="24.524275"></trkpt>
    <trkpt lat="42.787606" lon="24.525063"></trkpt>
    <trkpt lat="42.78718" lon="24.526339"></trkpt>
    <trkpt lat="42.786772" lon="24.52708"></trkpt>
    <trkpt lat="42.786166" lon="24.528115"></trkpt>
    <trkpt lat="42.785519" lon="24.529112"></trkpt>
    <trkpt lat="42.785349" lon="24.529738"></trkpt>
    <trkpt lat="42.785383" lon="24.530364"></trkpt>
    <trkpt lat="42.785963" lon="24.531175"></trkpt>
    <trkpt lat="42.786082" lon="24.531941"></trkpt>
    <trkpt lat="42.7872" lon="24.533837"></trkpt>
    <trkpt lat="42.787898" lon="24.534602"></trkpt>
    <trkpt lat="42.788238" lon="24.535158"></trkpt>
    <trkpt lat="42.788306" lon="24.536735"></trkpt>
    <trkpt lat="42.788442" lon="24.537593"></trkpt>
    <trkpt lat="42.788183" lon="24.540094"></trkpt>
    <trkpt lat="42.78883" lon="24.541856"></trkpt>
    <trkpt lat="42.78883" lon="24.54385"></trkpt>
    <trkpt lat="42.787639" lon="24.54538"></trkpt>
    <trkpt lat="42.786344" lon="24.546816"></trkpt>
    <trkpt lat="42.787399" lon="24.548438"></trkpt>
    <trkpt lat="42.788078" lon="24.549505"></trkpt>
    <trkpt lat="42.78788" lon="24.552148"></trkpt>
    <trkpt lat="42.78822" lon="24.5534"></trkpt>
    <trkpt lat="42.788254" lon="24.556182"></trkpt>
    <trkpt lat="42.788254" lon="24.558361"></trkpt>
    <trkpt lat="42.788358" lon="24.559032"></trkpt>
    <trkpt lat="42.788834" lon="24.559611"></trkpt>
    <trkpt lat="42.78994" lon="24.560237"></trkpt>
    <trkpt lat="42.790757" lon="24.561049"></trkpt>
    <trkpt lat="42.790893" lon="24.563158"></trkpt>
    <trkpt lat="42.790484" lon="24.564966"></trkpt>
    <trkpt lat="42.790105" lon="24.566122"></trkpt>
    <trkpt lat="42.789952" lon="24.568465"></trkpt>
    <trkpt lat="42.790139" lon="24.569532"></trkpt>
    <trkpt lat="42.79019" lon="24.569995"></trkpt>
    <trkpt lat="42.790921" lon="24.570227"></trkpt>
    <trkpt lat="42.791109" lon="24.570992"></trkpt>
    <trkpt lat="42.791041" lon="24.571966"></trkpt>
    <trkpt lat="42.790751" lon="24.573612"></trkpt>
    <trkpt lat="42.790463" lon="24.574873"></trkpt>
    <trkpt lat="42.79014" lon="24.575743"></trkpt>
    <trkpt lat="42.789995" lon="24.57659"></trkpt>
    <trkpt lat="42.78973" lon="24.577473"></trkpt>
    <trkpt lat="42.789482" lon="24.578708"></trkpt>
    <trkpt lat="42.78927" lon="24.579438"></trkpt>
    <trkpt lat="42.788606" lon="24.581062"></trkpt>
    <trkpt lat="42.787712" lon="24.582476"></trkpt>
    <trkpt lat="42.786698" lon="24.583751"></trkpt>
    <trkpt lat="42.785898" lon="24.584287"></trkpt>
    <trkpt lat="42.785413" lon="24.584723"></trkpt>
    <trkpt lat="42.785052" lon="24.585292"></trkpt>
    <trkpt lat="42.784907" lon="24.586184"></trkpt>
    <trkpt lat="42.784805" lon="24.586932"></trkpt>
    <trkpt lat="42.784567" lon="24.587442"></trkpt>
    <trkpt lat="42.784596" lon="24.588592"></trkpt>
    <trkpt lat="42.784338" lon="24.58941"></trkpt>
    <trkpt lat="42.784185" lon="24.59013"></trkpt>
    <trkpt lat="42.784227" lon="24.590652"></trkpt>
    <trkpt lat="42.784083" lon="24.591579"></trkpt>
    <trkpt lat="42.783751" lon="24.592982"></trkpt>
    <trkpt lat="42.7834" lon="24.594307"></trkpt>
    <trkpt lat="42.782981" lon="24.595529"></trkpt>
    <trkpt lat="42.782666" lon="24.596665"></trkpt>
    <trkpt lat="42.782607" lon="24.597975"></trkpt>
    <trkpt lat="42.782478" lon="24.599195"></trkpt>
    <trkpt lat="42.782307" lon="24.600227"></trkpt>
    <trkpt lat="42.782033" lon="24.601353"></trkpt>
    <trkpt lat="42.781574" lon="24.602187"></trkpt>
    <trkpt lat="42.781291" lon="24.603149"></trkpt>
    <trkpt lat="42.780841" lon="24.604053"></trkpt>
    <trkpt lat="42.780636" lon="24.60476"></trkpt>
    <trkpt lat="42.780576" lon="24.605515"></trkpt>
    <trkpt lat="42.780397" lon="24.605909"></trkpt>
    <trkpt lat="42.780057" lon="24.607117"></trkpt>
    <trkpt lat="42.779767" lon="24.608255"></trkpt>
    <trkpt lat="42.778831" lon="24.609391"></trkpt>
    <trkpt lat="42.7781" lon="24.610944"></trkpt>
    <trkpt lat="42.777946" lon="24.613598"></trkpt>
    <trkpt lat="42.778253" lon="24.615176"></trkpt>
    <trkpt lat="42.778627" lon="24.61659"></trkpt>
    <trkpt lat="42.77829" lon="24.618351"></trkpt>
    <trkpt lat="42.778205" lon="24.620855"></trkpt>
    <trkpt lat="42.777575" lon="24.622987"></trkpt>
    <trkpt lat="42.777363" lon="24.623065"></trkpt>
    <trkpt lat="42.77737" lon="24.623189"></trkpt>
    <trkpt lat="42.776656" lon="24.624766"></trkpt>
    <trkpt lat="42.775541" lon="24.626782"></trkpt>
    <trkpt lat="42.775252" lon="24.62815"></trkpt>
    <trkpt lat="42.774367" lon="24.629239"></trkpt>
    <trkpt lat="42.773065" lon="24.632181"></trkpt>
    <trkpt lat="42.772793" lon="24.634128"></trkpt>
    <trkpt lat="42.770342" lon="24.638301"></trkpt>
    <trkpt lat="42.764079" lon="24.639785"></trkpt>
    <trkpt lat="42.761486" lon="24.642196"></trkpt>
    <trkpt lat="42.756857" lon="24.644143"></trkpt>
    <trkpt lat="42.75215" lon="24.648036"></trkpt>
    <trkpt lat="42.749902" lon="24.652023"></trkpt>
    <trkpt lat="42.745817" lon="24.656938"></trkpt>
    <trkpt lat="42.745207" lon="24.659153"></trkpt>
    <trkpt lat="42.741724" lon="24.660648"></trkpt>
    <trkpt lat="42.736123" lon="24.664395"></trkpt>
    <trkpt lat="42.734167" lon="24.663976"></trkpt>
    <trkpt lat="42.733739" lon="24.665972"></trkpt>
    <trkpt lat="42.732309" lon="24.672834"></trkpt>
    <trkpt lat="42.731628" lon="24.679789"></trkpt>
    <trkpt lat="42.730283" lon="24.677686"></trkpt>
    <trkpt lat="42.730181" lon="24.676109"></trkpt>
    <trkpt lat="42.729568" lon="24.673791"></trkpt>
    <trkpt lat="42.727967" lon="24.675553"></trkpt>
    <trkpt lat="42.72657" lon="24.678474"></trkpt>
    <trkpt lat="42.72439" lon="24.681905"></trkpt>
    <trkpt lat="42.722867" lon="24.683923"></trkpt>
    <trkpt lat="42.721947" lon="24.686241"></trkpt>
    <trkpt lat="42.722253" lon="24.688328"></trkpt>
    <trkpt lat="42.720857" lon="24.690414"></trkpt>
    <trkpt lat="42.719796" lon="24.691625"></trkpt>
    <trkpt lat="42.718535" lon="24.69603"></trkpt>
    <trkpt lat="42.716281" lon="24.699791"></trkpt>
    <trkpt lat="42.716622" lon="24.703917"></trkpt>
    <trkpt lat="42.717473" lon="24.707951"></trkpt>
    <trkpt lat="42.717644" lon="24.710362"></trkpt>
    <trkpt lat="42.716164" lon="24.715134"></trkpt>
    <trkpt lat="42.71521" lon="24.716849"></trkpt>
    <trkpt lat="42.714528" lon="24.721439"></trkpt>
    <trkpt lat="42.713424" lon="24.725797"></trkpt>
    <trkpt lat="42.712726" lon="24.730232"></trkpt>
    <trkpt lat="42.713222" lon="24.732846"></trkpt>
    <trkpt lat="42.713122" lon="24.735443"></trkpt>
    <trkpt lat="42.713872" lon="24.738085"></trkpt>
    <trkpt lat="42.712577" lon="24.741192"></trkpt>
    <trkpt lat="42.710806" lon="24.742861"></trkpt>
    <trkpt lat="42.709818" lon="24.745875"></trkpt>
    <trkpt lat="42.708932" lon="24.747173"></trkpt>
    <trkpt lat="42.708898" lon="24.750233"></trkpt>
    <trkpt lat="42.709477" lon="24.750883"></trkpt>
    <trkpt lat="42.710465" lon="24.751346"></trkpt>
    <trkpt lat="42.71128" lon="24.754064"></trkpt>
    <trkpt lat="42.710939" lon="24.755038"></trkpt>
    <trkpt lat="42.710598" lon="24.757498"></trkpt>
    <trkpt lat="42.71036" lon="24.759677"></trkpt>
    <trkpt lat="42.710019" lon="24.760975"></trkpt>
    <trkpt lat="42.710735" lon="24.761764"></trkpt>
    <trkpt lat="42.710972" lon="24.763145"></trkpt>
    <trkpt lat="42.711023" lon="24.764073"></trkpt>
    <trkpt lat="42.711415" lon="24.764421"></trkpt>
    <trkpt lat="42.711824" lon="24.765394"></trkpt>
    <trkpt lat="42.711688" lon="24.766832"></trkpt>
    <trkpt lat="42.711364" lon="24.768895"></trkpt>
    <trkpt lat="42.711432" lon="24.770124"></trkpt>
    <trkpt lat="42.712284" lon="24.771399"></trkpt>
    <trkpt lat="42.713051" lon="24.773137"></trkpt>
    <trkpt lat="42.713439" lon="24.774766"></trkpt>
    <trkpt lat="42.714308" lon="24.77669"></trkpt>
    <trkpt lat="42.715142" lon="24.779263"></trkpt>
    <trkpt lat="42.715704" lon="24.780144"></trkpt>
    <trkpt lat="42.717391" lon="24.781164"></trkpt>
    <trkpt lat="42.717782" lon="24.781721"></trkpt>
    <trkpt lat="42.719606" lon="24.781331"></trkpt>
    <trkpt lat="42.720151" lon="24.781053"></trkpt>
    <trkpt lat="42.720476" lon="24.781148"></trkpt>
    <trkpt lat="42.721106" lon="24.781867"></trkpt>
    <trkpt lat="42.721379" lon="24.783165"></trkpt>
    <trkpt lat="42.722237" lon="24.786247"></trkpt>
    <trkpt lat="42.722561" lon="24.787267"></trkpt>
    <trkpt lat="42.72331" lon="24.78794"></trkpt>
    <trkpt lat="42.724247" lon="24.789609"></trkpt>
    <trkpt lat="42.72469" lon="24.79042"></trkpt>
    <trkpt lat="42.724332" lon="24.792738"></trkpt>
    <trkpt lat="42.724042" lon="24.794213"></trkpt>
    <trkpt lat="42.723734" lon="24.797003"></trkpt>
    <trkpt lat="42.723121" lon="24.79902"></trkpt>
    <trkpt lat="42.722353" lon="24.802782"></trkpt>
    <trkpt lat="42.722485" lon="24.805571"></trkpt>
    <trkpt lat="42.722775" lon="24.807217"></trkpt>
    <trkpt lat="42.722996" lon="24.808005"></trkpt>
    <trkpt lat="42.723251" lon="24.808585"></trkpt>
    <trkpt lat="42.722621" lon="24.809697"></trkpt>
    <trkpt lat="42.722255" lon="24.810722"></trkpt>
    <trkpt lat="42.722391" lon="24.812276"></trkpt>
    <trkpt lat="42.722595" lon="24.813203"></trkpt>
    <trkpt lat="42.722476" lon="24.814595"></trkpt>
    <trkpt lat="42.7228" lon="24.815383"></trkpt>
    <trkpt lat="42.72297" lon="24.816797"></trkpt>
    <trkpt lat="42.723072" lon="24.818049"></trkpt>
    <trkpt lat="42.723504" lon="24.819286"></trkpt>
    <trkpt lat="42.723661" lon="24.819455"></trkpt>
    <trkpt lat="42.723764" lon="24.819867"></trkpt>
    <trkpt lat="42.723862" lon="24.820017"></trkpt>
    <trkpt lat="42.723955" lon="24.81989"></trkpt>
    <trkpt lat="42.724083" lon="24.819994"></trkpt>
    <trkpt lat="42.724177" lon="24.820348"></trkpt>
    <trkpt lat="42.724185" lon="24.820545"></trkpt>
    <trkpt lat="42.724266" lon="24.820493"></trkpt>
    <trkpt lat="42.724266" lon="24.821125"></trkpt>
    <trkpt lat="42.72436" lon="24.821391"></trkpt>
    <trkpt lat="42.724624" lon="24.821855"></trkpt>
    <trkpt lat="42.724699" lon="24.82188"></trkpt>
    <trkpt lat="42.724843" lon="24.822013"></trkpt>
    <trkpt lat="42.725001" lon="24.822465"></trkpt>
    <trkpt lat="42.72538" lon="24.822813"></trkpt>
    <trkpt lat="42.72538" lon="24.822946"></trkpt>
    <trkpt lat="42.725478" lon="24.823074"></trkpt>
    <trkpt lat="42.725606" lon="24.823138"></trkpt>
    <trkpt lat="42.725918" lon="24.823794"></trkpt>
    <trkpt lat="42.726272" lon="24.824211"></trkpt>
    <trkpt lat="42.726365" lon="24.824692"></trkpt>
    <trkpt lat="42.726408" lon="24.825417"></trkpt>
    <trkpt lat="42.726561" lon="24.826424"></trkpt>
    <trkpt lat="42.726876" lon="24.827444"></trkpt>
    <trkpt lat="42.727131" lon="24.828093"></trkpt>
    <trkpt lat="42.727093" lon="24.828954"></trkpt>
    <trkpt lat="42.727348" lon="24.829877"></trkpt>
    <trkpt lat="42.727608" lon="24.830364"></trkpt>
    <trkpt lat="42.727442" lon="24.831065"></trkpt>
    <trkpt lat="42.727556" lon="24.831519"></trkpt>
    <trkpt lat="42.727612" lon="24.831994"></trkpt>
    <trkpt lat="42.727833" lon="24.832788"></trkpt>
    <trkpt lat="42.728016" lon="24.833125"></trkpt>
    <trkpt lat="42.727973" lon="24.833241"></trkpt>
    <trkpt lat="42.728046" lon="24.833554"></trkpt>
    <trkpt lat="42.728054" lon="24.833646"></trkpt>
    <trkpt lat="42.728037" lon="24.834069"></trkpt>
    <trkpt lat="42.728137" lon="24.834368"></trkpt>
    <trkpt lat="42.728362" lon="24.834744"></trkpt>
    <trkpt lat="42.728498" lon="24.83522"></trkpt>
    <trkpt lat="42.728392" lon="24.835562"></trkpt>
    <trkpt lat="42.727924" lon="24.835979"></trkpt>
    <trkpt lat="42.727556" lon="24.836726"></trkpt>
    <trkpt lat="42.727459" lon="24.836784"></trkpt>
    <trkpt lat="42.727403" lon="24.837178"></trkpt>
    <trkpt lat="42.727356" lon="24.837346"></trkpt>
    <trkpt lat="42.727271" lon="24.837549"></trkpt>
    <trkpt lat="42.727318" lon="24.837783"></trkpt>
    <trkpt lat="42.727216" lon="24.837807"></trkpt>
    <trkpt lat="42.726652" lon="24.837796"></trkpt>
    <trkpt lat="42.72573" lon="24.839233"></trkpt>
    <trkpt lat="42.724743" lon="24.841042"></trkpt>
    <trkpt lat="42.723992" lon="24.842618"></trkpt>
    <trkpt lat="42.723175" lon="24.84387"></trkpt>
    <trkpt lat="42.720699" lon="24.846164"></trkpt>
    <trkpt lat="42.719813" lon="24.847137"></trkpt>
    <trkpt lat="42.719915" lon="24.849966"></trkpt>
    <trkpt lat="42.720392" lon="24.852562"></trkpt>
    <trkpt lat="42.720222" lon="24.854695"></trkpt>
    <trkpt lat="42.719983" lon="24.855947"></trkpt>
    <trkpt lat="42.719983" lon="24.857713"></trkpt>
    <trkpt lat="42.719416" lon="24.861189"></trkpt>
    <trkpt lat="42.719655" lon="24.86207"></trkpt>
    <trkpt lat="42.71945" lon="24.863693"></trkpt>
    <trkpt lat="42.720166" lon="24.865501"></trkpt>
    <trkpt lat="42.721222" lon="24.867124"></trkpt>
    <trkpt lat="42.721426" lon="24.868932"></trkpt>
    <trkpt lat="42.72163" lon="24.871297"></trkpt>
    <trkpt lat="42.722244" lon="24.874496"></trkpt>
    <trkpt lat="42.723368" lon="24.877046"></trkpt>
    <trkpt lat="42.724117" lon="24.878623"></trkpt>
    <trkpt lat="42.724526" lon="24.88108"></trkpt>
    <trkpt lat="42.723471" lon="24.885222"></trkpt>
    <trkpt lat="42.723164" lon="24.88768"></trkpt>
    <trkpt lat="42.722517" lon="24.890415"></trkpt>
    <trkpt lat="42.72107" lon="24.89462"></trkpt>
    <trkpt lat="42.720252" lon="24.896591"></trkpt>
    <trkpt lat="42.719738" lon="24.898726"></trkpt>
    <trkpt lat="42.719567" lon="24.902992"></trkpt>
    <trkpt lat="42.719397" lon="24.904151"></trkpt>
    <trkpt lat="42.718587" lon="24.904404"></trkpt>
    <trkpt lat="42.719124" lon="24.905866"></trkpt>
    <trkpt lat="42.719147" lon="24.906406"></trkpt>
    <trkpt lat="42.718412" lon="24.906995"></trkpt>
    <trkpt lat="42.717629" lon="24.90778"></trkpt>
    <trkpt lat="42.716909" lon="24.90769"></trkpt>
    <trkpt lat="42.716381" lon="24.907701"></trkpt>
    <trkpt lat="42.715631" lon="24.90784"></trkpt>
    <trkpt lat="42.715359" lon="24.908153"></trkpt>
    <trkpt lat="42.715538" lon="24.908478"></trkpt>
    <trkpt lat="42.71541" lon="24.908768"></trkpt>
    <trkpt lat="42.716083" lon="24.910182"></trkpt>
    <trkpt lat="42.716032" lon="24.910565"></trkpt>
    <trkpt lat="42.716194" lon="24.91104"></trkpt>
    <trkpt lat="42.716279" lon="24.911527"></trkpt>
    <trkpt lat="42.716549" lon="24.911675"></trkpt>
    <trkpt lat="42.716403" lon="24.912834"></trkpt>
    <trkpt lat="42.716505" lon="24.913386"></trkpt>
    <trkpt lat="42.716207" lon="24.914035"></trkpt>
    <trkpt lat="42.716372" lon="24.914816"></trkpt>
    <trkpt lat="42.716444" lon="24.915303"></trkpt>
    <trkpt lat="42.716828" lon="24.915761"></trkpt>
    <trkpt lat="42.716981" lon="24.916364"></trkpt>
    <trkpt lat="42.717155" lon="24.916996"></trkpt>
    <trkpt lat="42.717236" lon="24.917471"></trkpt>
    <trkpt lat="42.717242" lon="24.916235"></trkpt>
    <trkpt lat="42.717336" lon="24.915737"></trkpt>
    <trkpt lat="42.71777" lon="24.915783"></trkpt>
    <trkpt lat="42.71806" lon="24.916259"></trkpt>
    <trkpt lat="42.718929" lon="24.916676"></trkpt>
    <trkpt lat="42.719644" lon="24.917128"></trkpt>
    <trkpt lat="42.72088" lon="24.917982"></trkpt>
    <trkpt lat="42.721442" lon="24.918422"></trkpt>
    <trkpt lat="42.722633" lon="24.918696"></trkpt>
    <trkpt lat="42.724279" lon="24.917664"></trkpt>
    <trkpt lat="42.725471" lon="24.917362"></trkpt>
    <trkpt lat="42.726289" lon="24.917223"></trkpt>
    <trkpt lat="42.727168" lon="24.9175"></trkpt>
    <trkpt lat="42.728054" lon="24.918266"></trkpt>
    <trkpt lat="42.728292" lon="24.918949"></trkpt>
    <trkpt lat="42.728156" lon="24.919854"></trkpt>
    <trkpt lat="42.727717" lon="24.921265"></trkpt>
    <trkpt lat="42.727171" lon="24.922227"></trkpt>
    <trkpt lat="42.726345" lon="24.923096"></trkpt>
    <trkpt lat="42.725936" lon="24.923363"></trkpt>
    <trkpt lat="42.725936" lon="24.92362"></trkpt>
    <trkpt lat="42.726787" lon="24.923295"></trkpt>
    <trkpt lat="42.727334" lon="24.922905"></trkpt>
    <trkpt lat="42.728296" lon="24.922835"></trkpt>
    <trkpt lat="42.728866" lon="24.923241"></trkpt>
    <trkpt lat="42.729352" lon="24.923751"></trkpt>
    <trkpt lat="42.729564" lon="24.924145"></trkpt>
    <trkpt lat="42.729377" lon="24.924331"></trkpt>
    <trkpt lat="42.728977" lon="24.924261"></trkpt>
    <trkpt lat="42.72844" lon="24.923867"></trkpt>
    <trkpt lat="42.72787" lon="24.923856"></trkpt>
    <trkpt lat="42.727546" lon="24.924203"></trkpt>
    <trkpt lat="42.727206" lon="24.924528"></trkpt>
    <trkpt lat="42.727206" lon="24.924702"></trkpt>
    <trkpt lat="42.727751" lon="24.924458"></trkpt>
    <trkpt lat="42.728211" lon="24.924806"></trkpt>
    <trkpt lat="42.728526" lon="24.925536"></trkpt>
    <trkpt lat="42.728961" lon="24.926211"></trkpt>
    <trkpt lat="42.730094" lon="24.927255"></trkpt>
    <trkpt lat="42.730688" lon="24.927669"></trkpt>
    <trkpt lat="42.731343" lon="24.927472"></trkpt>
    <trkpt lat="42.731565" lon="24.927333"></trkpt>
    <trkpt lat="42.731599" lon="24.927542"></trkpt>
    <trkpt lat="42.730526" lon="24.928446"></trkpt>
    <trkpt lat="42.730219" lon="24.928481"></trkpt>
    <trkpt lat="42.729479" lon="24.927901"></trkpt>
    <trkpt lat="42.729053" lon="24.927658"></trkpt>
    <trkpt lat="42.728286" lon="24.927537"></trkpt>
    <trkpt lat="42.727554" lon="24.927143"></trkpt>
    <trkpt lat="42.727452" lon="24.927201"></trkpt>
    <trkpt lat="42.727759" lon="24.92756"></trkpt>
    <trkpt lat="42.728278" lon="24.927977"></trkpt>
    <trkpt lat="42.729113" lon="24.92851"></trkpt>
    <trkpt lat="42.729833" lon="24.930541"></trkpt>
    <trkpt lat="42.730557" lon="24.931515"></trkpt>
    <trkpt lat="42.730957" lon="24.931875"></trkpt>
    <trkpt lat="42.730995" lon="24.932221"></trkpt>
    <trkpt lat="42.730578" lon="24.932824"></trkpt>
    <trkpt lat="42.729829" lon="24.933415"></trkpt>
    <trkpt lat="42.729428" lon="24.934366"></trkpt>
    <trkpt lat="42.729335" lon="24.935965"></trkpt>
    <trkpt lat="42.729043" lon="24.936843"></trkpt>
    <trkpt lat="42.728361" lon="24.937503"></trkpt>
    <trkpt lat="42.727531" lon="24.937642"></trkpt>
    <trkpt lat="42.726824" lon="24.937712"></trkpt>
    <trkpt lat="42.726302" lon="24.937745"></trkpt>
    <trkpt lat="42.725255" lon="24.939104"></trkpt>
    <trkpt lat="42.724856" lon="24.940647"></trkpt>
    <trkpt lat="42.724274" lon="24.941944"></trkpt>
    <trkpt lat="42.72344" lon="24.943081"></trkpt>
    <trkpt lat="42.722161" lon="24.943841"></trkpt>
    <trkpt lat="42.721392" lon="24.944466"></trkpt>
    <trkpt lat="42.720694" lon="24.945335"></trkpt>
    <trkpt lat="42.720302" lon="24.946309"></trkpt>
    <trkpt lat="42.719582" lon="24.947964"></trkpt>
    <trkpt lat="42.719071" lon="24.948706"></trkpt>
    <trkpt lat="42.718364" lon="24.949286"></trkpt>
    <trkpt lat="42.7177" lon="24.949807"></trkpt>
    <trkpt lat="42.71747" lon="24.950201"></trkpt>
    <trkpt lat="42.717368" lon="24.950758"></trkpt>
    <trkpt lat="42.717657" lon="24.951245"></trkpt>
    <trkpt lat="42.717998" lon="24.951442"></trkpt>
    <trkpt lat="42.719866" lon="24.951191"></trkpt>
    <trkpt lat="42.720984" lon="24.950872"></trkpt>
    <trkpt lat="42.721925" lon="24.951042"></trkpt>
    <trkpt lat="42.722921" lon="24.95168"></trkpt>
    <trkpt lat="42.723432" lon="24.952259"></trkpt>
    <trkpt lat="42.724336" lon="24.953307"></trkpt>
    <trkpt lat="42.725554" lon="24.953817"></trkpt>
    <trkpt lat="42.726687" lon="24.954434"></trkpt>
    <trkpt lat="42.727266" lon="24.955373"></trkpt>
    <trkpt lat="42.727923" lon="24.956022"></trkpt>
    <trkpt lat="42.728136" lon="24.956509"></trkpt>
    <trkpt lat="42.728373" lon="24.957014"></trkpt>
    <trkpt lat="42.728373" lon="24.957014"></trkpt>
    <trkpt lat="42.728442" lon="24.957338"></trkpt>
    <trkpt lat="42.728476" lon="24.957682"></trkpt>
    <trkpt lat="42.728581" lon="24.958046"></trkpt>
    <trkpt lat="42.728674" lon="24.958373"></trkpt>
    <trkpt lat="42.728674" lon="24.958373"></trkpt>
    <trkpt lat="42.728674" lon="24.958373"></trkpt>
    <trkpt lat="42.728848" lon="24.959191"></trkpt>
    <trkpt lat="42.729073" lon="24.960209"></trkpt>
    <trkpt lat="42.729448" lon="24.961032"></trkpt>
    <trkpt lat="42.729822" lon="24.961716"></trkpt>
    <trkpt lat="42.730606" lon="24.96235"></trkpt>
    <trkpt lat="42.731307" lon="24.962865"></trkpt>
    <trkpt lat="42.731784" lon="24.9637"></trkpt>
    <trkpt lat="42.732176" lon="24.964814"></trkpt>
    <trkpt lat="42.732397" lon="24.965661"></trkpt>
    <trkpt lat="42.732525" lon="24.966947"></trkpt>
    <trkpt lat="42.732576" lon="24.96748"></trkpt>
    <trkpt lat="42.73246" lon="24.968429"></trkpt>
    <trkpt lat="42.732384" lon="24.969205"></trkpt>
    <trkpt lat="42.732486" lon="24.970566"></trkpt>
    <trkpt lat="42.732673" lon="24.971621"></trkpt>
    <trkpt lat="42.733076" lon="24.972782"></trkpt>
    <trkpt lat="42.733246" lon="24.973871"></trkpt>
    <trkpt lat="42.733374" lon="24.974474"></trkpt>
    <trkpt lat="42.733459" lon="24.975274"></trkpt>
    <trkpt lat="42.733962" lon="24.976214"></trkpt>
    <trkpt lat="42.73426" lon="24.977338"></trkpt>
    <trkpt lat="42.73459" lon="24.978568"></trkpt>
    <trkpt lat="42.734965" lon="24.979947"></trkpt>
    <trkpt lat="42.735246" lon="24.981326"></trkpt>
    <trkpt lat="42.736203" lon="24.985003"></trkpt>
    <trkpt lat="42.736356" lon="24.985652"></trkpt>
    <trkpt lat="42.737037" lon="24.986022"></trkpt>
    <trkpt lat="42.737802" lon="24.985105"></trkpt>
    <trkpt lat="42.739113" lon="24.984572"></trkpt>
    <trkpt lat="42.739982" lon="24.984502"></trkpt>
    <trkpt lat="42.74085" lon="24.983784"></trkpt>
    <trkpt lat="42.740901" lon="24.982323"></trkpt>
    <trkpt lat="42.740475" lon="24.980515"></trkpt>
    <trkpt lat="42.739862" lon="24.980491"></trkpt>
    <trkpt lat="42.73976" lon="24.980468"></trkpt>
    <trkpt lat="42.74005" lon="24.979958"></trkpt>
    <trkpt lat="42.740475" lon="24.97924"></trkpt>
    <trkpt lat="42.740978" lon="24.978939"></trkpt>
    <trkpt lat="42.74188" lon="24.978754"></trkpt>
    <trkpt lat="42.742817" lon="24.978476"></trkpt>
    <trkpt lat="42.743038" lon="24.978196"></trkpt>
    <trkpt lat="42.74314" lon="24.976944"></trkpt>
    <trkpt lat="42.743549" lon="24.976156"></trkpt>
    <trkpt lat="42.744042" lon="24.97604"></trkpt>
    <trkpt lat="42.744638" lon="24.976017"></trkpt>
    <trkpt lat="42.745132" lon="24.975716"></trkpt>
    <trkpt lat="42.745545" lon="24.974926"></trkpt>
    <trkpt lat="42.745974" lon="24.97344"></trkpt>
    <trkpt lat="42.746229" lon="24.972304"></trkpt>
    <trkpt lat="42.746706" lon="24.971516"></trkpt>
    <trkpt lat="42.747387" lon="24.971261"></trkpt>
    <trkpt lat="42.747744" lon="24.971423"></trkpt>
    <trkpt lat="42.748272" lon="24.971609"></trkpt>
    <trkpt lat="42.749279" lon="24.972164"></trkpt>
    <trkpt lat="42.749943" lon="24.972442"></trkpt>
    <trkpt lat="42.750743" lon="24.973184"></trkpt>
    <trkpt lat="42.750863" lon="24.973392"></trkpt>
    <trkpt lat="42.750863" lon="24.974621"></trkpt>
    <trkpt lat="42.750897" lon="24.975618"></trkpt>
    <trkpt lat="42.751305" lon="24.976128"></trkpt>
    <trkpt lat="42.752347" lon="24.977035"></trkpt>
    <trkpt lat="42.752807" lon="24.977591"></trkpt>
    <trkpt lat="42.753369" lon="24.977707"></trkpt>
    <trkpt lat="42.753181" lon="24.97824"></trkpt>
    <trkpt lat="42.752092" lon="24.979585"></trkpt>
    <trkpt lat="42.751922" lon="24.98012"></trkpt>
    <trkpt lat="42.75216" lon="24.981511"></trkpt>
    <trkpt lat="42.751547" lon="24.982438"></trkpt>
    <trkpt lat="42.750458" lon="24.983228"></trkpt>
    <trkpt lat="42.750355" lon="24.984155"></trkpt>
    <trkpt lat="42.750696" lon="24.98499"></trkpt>
    <trkpt lat="42.751087" lon="24.984758"></trkpt>
    <trkpt lat="42.751581" lon="24.98441"></trkpt>
    <trkpt lat="42.752024" lon="24.984804"></trkpt>
    <trkpt lat="42.752092" lon="24.985407"></trkpt>
    <trkpt lat="42.752883" lon="24.987389"></trkpt>
    <trkpt lat="42.753207" lon="24.988062"></trkpt>
    <trkpt lat="42.75365" lon="24.988155"></trkpt>
    <trkpt lat="42.754366" lon="24.987065"></trkpt>
    <trkpt lat="42.754825" lon="24.986555"></trkpt>
    <trkpt lat="42.754911" lon="24.986671"></trkpt>
    <trkpt lat="42.754962" lon="24.987552"></trkpt>
    <trkpt lat="42.755506" lon="24.988549"></trkpt>
    <trkpt lat="42.756169" lon="24.989294"></trkpt>
    <trkpt lat="42.757122" lon="24.990036"></trkpt>
    <trkpt lat="42.75649" lon="24.990026"></trkpt>
    <trkpt lat="42.755605" lon="24.989934"></trkpt>
    <trkpt lat="42.755367" lon="24.990397"></trkpt>
    <trkpt lat="42.755333" lon="24.991417"></trkpt>
    <trkpt lat="42.753971" lon="24.992206"></trkpt>
    <trkpt lat="42.753222" lon="24.992438"></trkpt>
    <trkpt lat="42.752575" lon="24.991047"></trkpt>
    <trkpt lat="42.751486" lon="24.99406"></trkpt>
    <trkpt lat="42.751077" lon="24.994431"></trkpt>
    <trkpt lat="42.751748" lon="24.998291"></trkpt>
    <trkpt lat="42.751373" lon="25.000888"></trkpt>
    <trkpt lat="42.751306" lon="25.002418"></trkpt>
    <trkpt lat="42.751488" lon="25.007688"></trkpt>
    <trkpt lat="42.750501" lon="25.011305"></trkpt>
    <trkpt lat="42.749478" lon="25.013856"></trkpt>
    <trkpt lat="42.74815" lon="25.015062"></trkpt>
    <trkpt lat="42.748014" lon="25.01636"></trkpt>
    <trkpt lat="42.748048" lon="25.018076"></trkpt>
    <trkpt lat="42.747435" lon="25.019049"></trkpt>
    <trkpt lat="42.745766" lon="25.018447"></trkpt>
    <trkpt lat="42.744646" lon="25.018574"></trkpt>
    <trkpt lat="42.743795" lon="25.019409"></trkpt>
    <trkpt lat="42.743863" lon="25.021356"></trkpt>
    <trkpt lat="42.744646" lon="25.02488"></trkpt>
    <trkpt lat="42.745327" lon="25.027523"></trkpt>
    <trkpt lat="42.746144" lon="25.029656"></trkpt>
    <trkpt lat="42.747132" lon="25.031235"></trkpt>
    <trkpt lat="42.746927" lon="25.032023"></trkpt>
    <trkpt lat="42.744952" lon="25.033878"></trkpt>
    <trkpt lat="42.744067" lon="25.034484"></trkpt>
    <trkpt lat="42.742296" lon="25.03453"></trkpt>
    <trkpt lat="42.741207" lon="25.034855"></trkpt>
    <trkpt lat="42.741071" lon="25.036385"></trkpt>
    <trkpt lat="42.742909" lon="25.039167"></trkpt>
    <trkpt lat="42.745638" lon="25.042154"></trkpt>
    <trkpt lat="42.748703" lon="25.044936"></trkpt>
    <trkpt lat="42.749792" lon="25.047255"></trkpt>
    <trkpt lat="42.746932" lon="25.050593"></trkpt>
    <trkpt lat="42.74557" lon="25.052077"></trkpt>
    <trkpt lat="42.744753" lon="25.05829"></trkpt>
    <trkpt lat="42.744685" lon="25.062741"></trkpt>
    <trkpt lat="42.744685" lon="25.06645"></trkpt>
    <trkpt lat="42.745843" lon="25.06914"></trkpt>
    <trkpt lat="42.747545" lon="25.071829"></trkpt>
    <trkpt lat="42.748907" lon="25.074711"></trkpt>
    <trkpt lat="42.751383" lon="25.08387"></trkpt>
    <trkpt lat="42.751588" lon="25.087209"></trkpt>
    <trkpt lat="42.751944" lon="25.088778"></trkpt>
    <trkpt lat="42.752423" lon="25.0901"></trkpt>
    <trkpt lat="42.752559" lon="25.092048"></trkpt>
    <trkpt lat="42.752731" lon="25.093485"></trkpt>
    <trkpt lat="42.753412" lon="25.095525"></trkpt>
    <trkpt lat="42.754127" lon="25.097102"></trkpt>
    <trkpt lat="42.755727" lon="25.099142"></trkpt>
    <trkpt lat="42.756306" lon="25.099791"></trkpt>
    <trkpt lat="42.758281" lon="25.100347"></trkpt>
    <trkpt lat="42.758358" lon="25.100245"></trkpt>
    <trkpt lat="42.758579" lon="25.10057"></trkpt>
    <trkpt lat="42.758928" lon="25.100883"></trkpt>
    <trkpt lat="42.759592" lon="25.101323"></trkpt>
    <trkpt lat="42.759805" lon="25.101312"></trkpt>
    <trkpt lat="42.760213" lon="25.1017"></trkpt>
    <trkpt lat="42.760639" lon="25.101781"></trkpt>
    <trkpt lat="42.760979" lon="25.10177"></trkpt>
    <trkpt lat="42.761516" lon="25.101445"></trkpt>
    <trkpt lat="42.76166" lon="25.101642"></trkpt>
    <trkpt lat="42.761669" lon="25.102106"></trkpt>
    <trkpt lat="42.76166" lon="25.103068"></trkpt>
    <trkpt lat="42.761601" lon="25.103729"></trkpt>
    <trkpt lat="42.761677" lon="25.104505"></trkpt>
    <trkpt lat="42.761973" lon="25.105237"></trkpt>
    <trkpt lat="42.762178" lon="25.105979"></trkpt>
    <trkpt lat="42.762569" lon="25.106953"></trkpt>
    <trkpt lat="42.762595" lon="25.10737"></trkpt>
    <trkpt lat="42.76222" lon="25.10788"></trkpt>
    <trkpt lat="42.761846" lon="25.108437"></trkpt>
    <trkpt lat="42.761794" lon="25.108993"></trkpt>
    <trkpt lat="42.761939" lon="25.109804"></trkpt>
    <trkpt lat="42.761776" lon="25.110082"></trkpt>
    <trkpt lat="42.761589" lon="25.11058"></trkpt>
    <trkpt lat="42.761606" lon="25.111207"></trkpt>
    <trkpt lat="42.761547" lon="25.111555"></trkpt>
    <trkpt lat="42.760968" lon="25.112007"></trkpt>
    <trkpt lat="42.760293" lon="25.112777"></trkpt>
    <trkpt lat="42.75944" lon="25.113404"></trkpt>
    <trkpt lat="42.758989" lon="25.113717"></trkpt>
    <trkpt lat="42.75864" lon="25.114447"></trkpt>
    <trkpt lat="42.758538" lon="25.114853"></trkpt>
    <trkpt lat="42.758581" lon="25.115095"></trkpt>
    <trkpt lat="42.758455" lon="25.115499"></trkpt>
    <trkpt lat="42.758486" lon="25.11788"></trkpt>
    <trkpt lat="42.759371" lon="25.12094"></trkpt>
    <trkpt lat="42.759405" lon="25.122192"></trkpt>
    <trkpt lat="42.759916" lon="25.124325"></trkpt>
    <trkpt lat="42.759916" lon="25.126365"></trkpt>
    <trkpt lat="42.760086" lon="25.12822"></trkpt>
    <trkpt lat="42.760257" lon="25.129425"></trkpt>
    <trkpt lat="42.75976" lon="25.130477"></trkpt>
    <trkpt lat="42.760612" lon="25.133074"></trkpt>
    <trkpt lat="42.761633" lon="25.135346"></trkpt>
    <trkpt lat="42.76279" lon="25.1372"></trkpt>
    <trkpt lat="42.76439" lon="25.140075"></trkpt>
    <trkpt lat="42.765854" lon="25.14193"></trkpt>
    <trkpt lat="42.767967" lon="25.143424"></trkpt>
    <trkpt lat="42.770727" lon="25.145146"></trkpt>
    <trkpt lat="42.770249" lon="25.150432"></trkpt>
    <trkpt lat="42.770113" lon="25.152101"></trkpt>
    <trkpt lat="42.772291" lon="25.156645"></trkpt>
    <trkpt lat="42.778349" lon="25.160447"></trkpt>
    <trkpt lat="42.777873" lon="25.164156"></trkpt>
    <trkpt lat="42.778554" lon="25.167495"></trkpt>
    <trkpt lat="42.778622" lon="25.169825"></trkpt>
    <trkpt lat="42.781141" lon="25.173256"></trkpt>
    <trkpt lat="42.784544" lon="25.177614"></trkpt>
    <trkpt lat="42.786109" lon="25.179376"></trkpt>
    <trkpt lat="42.785769" lon="25.183364"></trkpt>
    <trkpt lat="42.786722" lon="25.184848"></trkpt>
    <trkpt lat="42.785429" lon="25.188835"></trkpt>
    <trkpt lat="42.784067" lon="25.193008"></trkpt>
    <trkpt lat="42.783659" lon="25.195141"></trkpt>
    <trkpt lat="42.783931" lon="25.198016"></trkpt>
    <trkpt lat="42.782638" lon="25.199786"></trkpt>
    <trkpt lat="42.781223" lon="25.20099"></trkpt>
    <trkpt lat="42.780066" lon="25.203215"></trkpt>
    <trkpt lat="42.78027" lon="25.204328"></trkpt>
    <trkpt lat="42.779657" lon="25.205348"></trkpt>
    <trkpt lat="42.77993" lon="25.209336"></trkpt>
    <trkpt lat="42.778909" lon="25.212396"></trkpt>
    <trkpt lat="42.776458" lon="25.212952"></trkpt>
    <trkpt lat="42.775029" lon="25.214251"></trkpt>
    <trkpt lat="42.773327" lon="25.216756"></trkpt>
    <trkpt lat="42.771898" lon="25.22238"></trkpt>
    <trkpt lat="42.771081" lon="25.225997"></trkpt>
    <trkpt lat="42.768834" lon="25.228037"></trkpt>
    <trkpt lat="42.768154" lon="25.229613"></trkpt>
    <trkpt lat="42.76897" lon="25.230633"></trkpt>
    <trkpt lat="42.766996" lon="25.22952"></trkpt>
    <trkpt lat="42.765703" lon="25.230077"></trkpt>
    <trkpt lat="42.764273" lon="25.234065"></trkpt>
    <trkpt lat="42.762571" lon="25.235456"></trkpt>
    <trkpt lat="42.760306" lon="25.232871"></trkpt>
    <trkpt lat="42.758264" lon="25.232779"></trkpt>
    <trkpt lat="42.755268" lon="25.23519"></trkpt>
    <trkpt lat="42.752612" lon="25.237415"></trkpt>
    <trkpt lat="42.750842" lon="25.239363"></trkpt>
    <trkpt lat="42.752612" lon="25.246318"></trkpt>
    <trkpt lat="42.752953" lon="25.248175"></trkpt>
    <trkpt lat="42.750433" lon="25.251884"></trkpt>
    <trkpt lat="42.749618" lon="25.255457"></trkpt>
    <trkpt lat="42.750868" lon="25.259429"></trkpt>
    <trkpt lat="42.751617" lon="25.263511"></trkpt>
    <trkpt lat="42.7508" lon="25.263978"></trkpt>
    <trkpt lat="42.752162" lon="25.265091"></trkpt>
    <trkpt lat="42.75257" lon="25.268058"></trkpt>
    <trkpt lat="42.753392" lon="25.270636"></trkpt>
    <trkpt lat="42.754243" lon="25.270682"></trkpt>
    <trkpt lat="42.753562" lon="25.271957"></trkpt>
    <trkpt lat="42.752779" lon="25.272908"></trkpt>
    <trkpt lat="42.751948" lon="25.27458"></trkpt>
    <trkpt lat="42.753141" lon="25.275809"></trkpt>
    <trkpt lat="42.752971" lon="25.276412"></trkpt>
    <trkpt lat="42.752453" lon="25.277502"></trkpt>
    <trkpt lat="42.752794" lon="25.278963"></trkpt>
    <trkpt lat="42.751602" lon="25.281513"></trkpt>
    <trkpt lat="42.750921" lon="25.283553"></trkpt>
    <trkpt lat="42.750818" lon="25.284573"></trkpt>
    <trkpt lat="42.751636" lon="25.287077"></trkpt>
    <trkpt lat="42.753644" lon="25.290508"></trkpt>
    <trkpt lat="42.754393" lon="25.291667"></trkpt>
    <trkpt lat="42.754564" lon="25.294495"></trkpt>
    <trkpt lat="42.75453" lon="25.297277"></trkpt>
    <trkpt lat="42.753746" lon="25.299688"></trkpt>
    <trkpt lat="42.753854" lon="25.301448"></trkpt>
    <trkpt lat="42.753854" lon="25.303627"></trkpt>
    <trkpt lat="42.753651" lon="25.30474"></trkpt>
    <trkpt lat="42.753446" lon="25.306131"></trkpt>
    <trkpt lat="42.754196" lon="25.307104"></trkpt>
    <trkpt lat="42.754742" lon="25.308497"></trkpt>
    <trkpt lat="42.755696" lon="25.309981"></trkpt>
    <trkpt lat="42.756615" lon="25.311326"></trkpt>
    <trkpt lat="42.756206" lon="25.313459"></trkpt>
    <trkpt lat="42.756581" lon="25.31587"></trkpt>
    <trkpt lat="42.756445" lon="25.317307"></trkpt>
    <trkpt lat="42.755664" lon="25.317817"></trkpt>
    <trkpt lat="42.754234" lon="25.318837"></trkpt>
    <trkpt lat="42.753281" lon="25.319534"></trkpt>
    <trkpt lat="42.752534" lon="25.320129"></trkpt>
    <trkpt lat="42.751955" lon="25.322401"></trkpt>
    <trkpt lat="42.751104" lon="25.324165"></trkpt>
    <trkpt lat="42.750457" lon="25.324721"></trkpt>
    <trkpt lat="42.751342" lon="25.325556"></trkpt>
    <trkpt lat="42.751887" lon="25.325602"></trkpt>
    <trkpt lat="42.751512" lon="25.326906"></trkpt>
    <trkpt lat="42.7509" lon="25.327462"></trkpt>
    <trkpt lat="42.750082" lon="25.327468"></trkpt>
    <trkpt lat="42.749095" lon="25.329462"></trkpt>
    <trkpt lat="42.749401" lon="25.331965"></trkpt>
    <trkpt lat="42.74838" lon="25.333078"></trkpt>
    <trkpt lat="42.748005" lon="25.335582"></trkpt>
    <trkpt lat="42.746584" lon="25.337444"></trkpt>
    <trkpt lat="42.74621" lon="25.337906"></trkpt>
    <trkpt lat="42.746312" lon="25.339065"></trkpt>
    <trkpt lat="42.745188" lon="25.340549"></trkpt>
    <trkpt lat="42.744098" lon="25.341105"></trkpt>
    <trkpt lat="42.742566" lon="25.341337"></trkpt>
    <trkpt lat="42.741987" lon="25.342171"></trkpt>
    <trkpt lat="42.740523" lon="25.341754"></trkpt>
    <trkpt lat="42.739263" lon="25.341337"></trkpt>
    <trkpt lat="42.73848" lon="25.342079"></trkpt>
    <trkpt lat="42.737901" lon="25.343006"></trkpt>
    <trkpt lat="42.736879" lon="25.344072"></trkpt>
    <trkpt lat="42.736232" lon="25.344629"></trkpt>
    <trkpt lat="42.735302" lon="25.344431"></trkpt>
    <trkpt lat="42.733906" lon="25.344339"></trkpt>
    <trkpt lat="42.733429" lon="25.344339"></trkpt>
    <trkpt lat="42.733358" lon="25.344918"></trkpt>
    <trkpt lat="42.734269" lon="25.34566"></trkpt>
    <trkpt lat="42.735" lon="25.346058"></trkpt>
    <trkpt lat="42.73586" lon="25.346881"></trkpt>
    <trkpt lat="42.737032" lon="25.347295"></trkpt>
    <trkpt lat="42.73865" lon="25.347909"></trkpt>
    <trkpt lat="42.739393" lon="25.348602"></trkpt>
    <trkpt lat="42.740188" lon="25.350235"></trkpt>
    <trkpt lat="42.740188" lon="25.350942"></trkpt>
    <trkpt lat="42.740605" lon="25.351986"></trkpt>
    <trkpt lat="42.740698" lon="25.353075"></trkpt>
    <trkpt lat="42.740876" lon="25.353935"></trkpt>
    <trkpt lat="42.740655" lon="25.355141"></trkpt>
    <trkpt lat="42.740421" lon="25.357836"></trkpt>
    <trkpt lat="42.739451" lon="25.358741"></trkpt>
    <trkpt lat="42.738394" lon="25.35997"></trkpt>
    <trkpt lat="42.737934" lon="25.360851"></trkpt>
    <trkpt lat="42.736693" lon="25.361665"></trkpt>
    <trkpt lat="42.735501" lon="25.362152"></trkpt>
    <trkpt lat="42.735382" lon="25.362522"></trkpt>
    <trkpt lat="42.736897" lon="25.364029"></trkpt>
    <trkpt lat="42.737597" lon="25.365235"></trkpt>
    <trkpt lat="42.737938" lon="25.366788"></trkpt>
    <trkpt lat="42.738415" lon="25.368365"></trkpt>
    <trkpt lat="42.739009" lon="25.370927"></trkpt>
    <trkpt lat="42.739639" lon="25.372527"></trkpt>
    <trkpt lat="42.739571" lon="25.373802"></trkpt>
    <trkpt lat="42.740713" lon="25.37494"></trkpt>
    <trkpt lat="42.741122" lon="25.376331"></trkpt>
    <trkpt lat="42.740815" lon="25.377838"></trkpt>
    <trkpt lat="42.740543" lon="25.378858"></trkpt>
    <trkpt lat="42.739244" lon="25.380905"></trkpt>
    <trkpt lat="42.738921" lon="25.38167"></trkpt>
    <trkpt lat="42.738955" lon="25.38422"></trkpt>
    <trkpt lat="42.738152" lon="25.385169"></trkpt>
    <trkpt lat="42.737607" lon="25.386143"></trkpt>
    <trkpt lat="42.736531" lon="25.386928"></trkpt>
    <trkpt lat="42.734794" lon="25.387716"></trkpt>
    <trkpt lat="42.733274" lon="25.38781"></trkpt>
    <trkpt lat="42.73203" lon="25.387439"></trkpt>
    <trkpt lat="42.731519" lon="25.387091"></trkpt>
    <trkpt lat="42.73133" lon="25.387694"></trkpt>
    <trkpt lat="42.731875" lon="25.388667"></trkpt>
    <trkpt lat="42.73196" lon="25.391194"></trkpt>
    <trkpt lat="42.732096" lon="25.393327"></trkpt>
    <trkpt lat="42.731738" lon="25.39539"></trkpt>
    <trkpt lat="42.731841" lon="25.396156"></trkpt>
    <trkpt lat="42.731392" lon="25.396699"></trkpt>
    <trkpt lat="42.730506" lon="25.39786"></trkpt>
    <trkpt lat="42.730098" lon="25.399367"></trkpt>
    <trkpt lat="42.729961" lon="25.401082"></trkpt>
    <trkpt lat="42.730132" lon="25.402218"></trkpt>
    <trkpt lat="42.730813" lon="25.4015"></trkpt>
    <trkpt lat="42.731903" lon="25.400155"></trkpt>
    <trkpt lat="42.732022" lon="25.400642"></trkpt>
    <trkpt lat="42.731783" lon="25.401476"></trkpt>
    <trkpt lat="42.732192" lon="25.403099"></trkpt>
    <trkpt lat="42.732805" lon="25.403424"></trkpt>
    <trkpt lat="42.734764" lon="25.403238"></trkpt>
    <trkpt lat="42.736308" lon="25.403213"></trkpt>
    <trkpt lat="42.73716" lon="25.403004"></trkpt>
    <trkpt lat="42.738079" lon="25.403119"></trkpt>
    <trkpt lat="42.737753" lon="25.403667"></trkpt>
    <trkpt lat="42.738349" lon="25.405823"></trkpt>
    <trkpt lat="42.738452" lon="25.406936"></trkpt>
    <trkpt lat="42.739133" lon="25.407678"></trkpt>
    <trkpt lat="42.739388" lon="25.40886"></trkpt>
    <trkpt lat="42.738787" lon="25.411073"></trkpt>
    <trkpt lat="42.73802" lon="25.411444"></trkpt>
    <trkpt lat="42.736794" lon="25.411722"></trkpt>
    <trkpt lat="42.735943" lon="25.41207"></trkpt>
    <trkpt lat="42.735551" lon="25.413554"></trkpt>
    <trkpt lat="42.735534" lon="25.414203"></trkpt>
    <trkpt lat="42.735143" lon="25.414805"></trkpt>
    <trkpt lat="42.73487" lon="25.416173"></trkpt>
    <trkpt lat="42.734821" lon="25.41812"></trkpt>
    <trkpt lat="42.734804" lon="25.418978"></trkpt>
    <trkpt lat="42.735194" lon="25.42082"></trkpt>
    <trkpt lat="42.736011" lon="25.422651"></trkpt>
    <trkpt lat="42.737101" lon="25.423787"></trkpt>
    <trkpt lat="42.737919" lon="25.424367"></trkpt>
    <trkpt lat="42.739122" lon="25.42466"></trkpt>
    <trkpt lat="42.739838" lon="25.425125"></trkpt>
    <trkpt lat="42.740553" lon="25.427072"></trkpt>
    <trkpt lat="42.740383" lon="25.42786"></trkpt>
    <trkpt lat="42.740331" lon="25.428764"></trkpt>
    <trkpt lat="42.74074" lon="25.428764"></trkpt>
    <trkpt lat="42.743034" lon="25.428724"></trkpt>
    <trkpt lat="42.744005" lon="25.429396"></trkpt>
    <trkpt lat="42.745483" lon="25.430486"></trkpt>
    <trkpt lat="42.746096" lon="25.431413"></trkpt>
    <trkpt lat="42.746198" lon="25.432178"></trkpt>
    <trkpt lat="42.745411" lon="25.434858"></trkpt>
    <trkpt lat="42.74507" lon="25.436898"></trkpt>
    <trkpt lat="42.743776" lon="25.440144"></trkpt>
    <trkpt lat="42.744389" lon="25.441164"></trkpt>
    <trkpt lat="42.746773" lon="25.438103"></trkpt>
    <trkpt lat="42.747862" lon="25.437269"></trkpt>
    <trkpt lat="42.749769" lon="25.436434"></trkpt>
    <trkpt lat="42.751608" lon="25.43458"></trkpt>
    <trkpt lat="42.753923" lon="25.43356"></trkpt>
    <trkpt lat="42.756238" lon="25.434116"></trkpt>
    <trkpt lat="42.757955" lon="25.434601"></trkpt>
    <trkpt lat="42.759862" lon="25.434329"></trkpt>
    <trkpt lat="42.761768" lon="25.436833"></trkpt>
    <trkpt lat="42.762923" lon="25.439342"></trkpt>
    <trkpt lat="42.763468" lon="25.441985"></trkpt>
    <trkpt lat="42.763944" lon="25.443376"></trkpt>
    <trkpt lat="42.763066" lon="25.445009"></trkpt>
    <trkpt lat="42.762453" lon="25.447095"></trkpt>
    <trkpt lat="42.761602" lon="25.448672"></trkpt>
    <trkpt lat="42.76167" lon="25.450527"></trkpt>
    <trkpt lat="42.761568" lon="25.452567"></trkpt>
    <trkpt lat="42.762283" lon="25.454792"></trkpt>
    <trkpt lat="42.762761" lon="25.456508"></trkpt>
    <trkpt lat="42.76385" lon="25.460217"></trkpt>
    <trkpt lat="42.764122" lon="25.462165"></trkpt>
    <trkpt lat="42.764225" lon="25.464437"></trkpt>
    <trkpt lat="42.764325" lon="25.467127"></trkpt>
    <trkpt lat="42.764569" lon="25.469255"></trkpt>
    <trkpt lat="42.763442" lon="25.47211"></trkpt>
    <trkpt lat="42.763581" lon="25.474601"></trkpt>
    <trkpt lat="42.764364" lon="25.475945"></trkpt>
    <trkpt lat="42.765624" lon="25.476826"></trkpt>
    <trkpt lat="42.766781" lon="25.477846"></trkpt>
    <trkpt lat="42.767734" lon="25.479423"></trkpt>
    <trkpt lat="42.767565" lon="25.483364"></trkpt>
    <trkpt lat="42.76719" lon="25.486007"></trkpt>
    <trkpt lat="42.766373" lon="25.487492"></trkpt>
    <trkpt lat="42.765476" lon="25.489597"></trkpt>
    <trkpt lat="42.764623" lon="25.492657"></trkpt>
    <trkpt lat="42.764249" lon="25.493399"></trkpt>
    <trkpt lat="42.763432" lon="25.493584"></trkpt>
    <trkpt lat="42.763228" lon="25.494883"></trkpt>
    <trkpt lat="42.764181" lon="25.495949"></trkpt>
    <trkpt lat="42.764195" lon="25.497107"></trkpt>
    <trkpt lat="42.763786" lon="25.498406"></trkpt>
    <trkpt lat="42.764229" lon="25.500075"></trkpt>
    <trkpt lat="42.764637" lon="25.501651"></trkpt>
    <trkpt lat="42.765216" lon="25.502996"></trkpt>
    <trkpt lat="42.765534" lon="25.503786"></trkpt>
    <trkpt lat="42.765125" lon="25.504736"></trkpt>
    <trkpt lat="42.765074" lon="25.506753"></trkpt>
    <trkpt lat="42.76453" lon="25.507866"></trkpt>
    <trkpt lat="42.76441" lon="25.508956"></trkpt>
    <trkpt lat="42.764734" lon="25.509141"></trkpt>
    <trkpt lat="42.76521" lon="25.509118"></trkpt>
    <trkpt lat="42.765483" lon="25.51037"></trkpt>
    <trkpt lat="42.765823" lon="25.510648"></trkpt>
    <trkpt lat="42.765653" lon="25.511784"></trkpt>
    <trkpt lat="42.765194" lon="25.512434"></trkpt>
    <trkpt lat="42.765552" lon="25.514335"></trkpt>
    <trkpt lat="42.765263" lon="25.514937"></trkpt>
    <trkpt lat="42.764548" lon="25.515169"></trkpt>
    <trkpt lat="42.763921" lon="25.516287"></trkpt>
    <trkpt lat="42.763104" lon="25.516866"></trkpt>
    <trkpt lat="42.76273" lon="25.517956"></trkpt>
    <trkpt lat="42.763231" lon="25.519356"></trkpt>
    <trkpt lat="42.76398" lon="25.520422"></trkpt>
    <trkpt lat="42.763912" lon="25.522486"></trkpt>
    <trkpt lat="42.764418" lon="25.523353"></trkpt>
    <trkpt lat="42.765133" lon="25.523006"></trkpt>
    <trkpt lat="42.76578" lon="25.523284"></trkpt>
    <trkpt lat="42.766155" lon="25.524373"></trkpt>
    <trkpt lat="42.76561" lon="25.524466"></trkpt>
    <trkpt lat="42.76544" lon="25.525486"></trkpt>
    <trkpt lat="42.764946" lon="25.526182"></trkpt>
    <trkpt lat="42.765252" lon="25.526831"></trkpt>
    <trkpt lat="42.765967" lon="25.52741"></trkpt>
    <trkpt lat="42.766137" lon="25.528477"></trkpt>
    <trkpt lat="42.766335" lon="25.529418"></trkpt>
    <trkpt lat="42.766061" lon="25.530392"></trkpt>
    <trkpt lat="42.765738" lon="25.531274"></trkpt>
    <trkpt lat="42.76521" lon="25.531135"></trkpt>
    <trkpt lat="42.764836" lon="25.531459"></trkpt>
    <trkpt lat="42.765517" lon="25.531459"></trkpt>
    <trkpt lat="42.76584" lon="25.532248"></trkpt>
    <trkpt lat="42.766112" lon="25.532271"></trkpt>
    <trkpt lat="42.76647" lon="25.531645"></trkpt>
    <trkpt lat="42.766895" lon="25.5319"></trkpt>
    <trkpt lat="42.768516" lon="25.531182"></trkpt>
    <trkpt lat="42.770048" lon="25.529185"></trkpt>
    <trkpt lat="42.771307" lon="25.529046"></trkpt>
    <trkpt lat="42.772056" lon="25.53039"></trkpt>
    <trkpt lat="42.773587" lon="25.530348"></trkpt>
    <trkpt lat="42.774472" lon="25.53058"></trkpt>
    <trkpt lat="42.775153" lon="25.53007"></trkpt>
    <trkpt lat="42.776548" lon="25.529652"></trkpt>
    <trkpt lat="42.776548" lon="25.529652"></trkpt>
    <trkpt lat="42.776423" lon="25.530189"></trkpt>
    <trkpt lat="42.775794" lon="25.531302"></trkpt>
    <trkpt lat="42.7761" lon="25.532971"></trkpt>
    <trkpt lat="42.776287" lon="25.535104"></trkpt>
    <trkpt lat="42.77627" lon="25.537538"></trkpt>
    <trkpt lat="42.775675" lon="25.539995"></trkpt>
    <trkpt lat="42.774713" lon="25.5419"></trkpt>
    <trkpt lat="42.773857" lon="25.544204"></trkpt>
    <trkpt lat="42.772788" lon="25.54606"></trkpt>
    <trkpt lat="42.771197" lon="25.547811"></trkpt>
    <trkpt lat="42.770125" lon="25.549388"></trkpt>
    <trkpt lat="42.769359" lon="25.551567"></trkpt>
    <trkpt lat="42.769529" lon="25.552657"></trkpt>
    <trkpt lat="42.769564" lon="25.553097"></trkpt>
    <trkpt lat="42.768917" lon="25.554674"></trkpt>
    <trkpt lat="42.769308" lon="25.55588"></trkpt>
    <trkpt lat="42.76953" lon="25.556668"></trkpt>
    <trkpt lat="42.769959" lon="25.556891"></trkpt>
    <trkpt lat="42.770759" lon="25.557841"></trkpt>
    <trkpt lat="42.771031" lon="25.55907"></trkpt>
    <trkpt lat="42.771355" lon="25.560254"></trkpt>
    <trkpt lat="42.771593" lon="25.560671"></trkpt>
    <trkpt lat="42.772342" lon="25.560625"></trkpt>
    <trkpt lat="42.77275" lon="25.561575"></trkpt>
    <trkpt lat="42.772784" lon="25.562827"></trkpt>
    <trkpt lat="42.773055" lon="25.564149"></trkpt>
    <trkpt lat="42.772783" lon="25.566444"></trkpt>
    <trkpt lat="42.772478" lon="25.567275"></trkpt>
    <trkpt lat="42.773975" lon="25.565706"></trkpt>
    <trkpt lat="42.775234" lon="25.565706"></trkpt>
    <trkpt lat="42.775747" lon="25.564268"></trkpt>
    <trkpt lat="42.776462" lon="25.564964"></trkpt>
    <trkpt lat="42.776875" lon="25.564454"></trkpt>
    <trkpt lat="42.777862" lon="25.565706"></trkpt>
    <trkpt lat="42.77871" lon="25.565845"></trkpt>
    <trkpt lat="42.779697" lon="25.565567"></trkpt>
    <trkpt lat="42.780139" lon="25.566494"></trkpt>
    <trkpt lat="42.780857" lon="25.566633"></trkpt>
    <trkpt lat="42.781639" lon="25.568117"></trkpt>
    <trkpt lat="42.783001" lon="25.569044"></trkpt>
    <trkpt lat="42.78392" lon="25.568163"></trkpt>
    <trkpt lat="42.783917" lon="25.566911"></trkpt>
    <trkpt lat="42.783679" lon="25.566494"></trkpt>
    <trkpt lat="42.784461" lon="25.565705"></trkpt>
    <trkpt lat="42.784714" lon="25.564556"></trkpt>
    <trkpt lat="42.785293" lon="25.563907"></trkpt>
    <trkpt lat="42.786008" lon="25.56553"></trkpt>
    <trkpt lat="42.786484" lon="25.568033"></trkpt>
    <trkpt lat="42.786217" lon="25.569981"></trkpt>
    <trkpt lat="42.786047" lon="25.571882"></trkpt>
    <trkpt lat="42.785128" lon="25.573968"></trkpt>
    <trkpt lat="42.785469" lon="25.57573"></trkpt>
    <trkpt lat="42.786421" lon="25.576287"></trkpt>
    <trkpt lat="42.78751" lon="25.578652"></trkpt>
    <trkpt lat="42.787136" lon="25.581063"></trkpt>
    <trkpt lat="42.786013" lon="25.581619"></trkpt>
    <trkpt lat="42.785673" lon="25.582408"></trkpt>
    <trkpt lat="42.786319" lon="25.583613"></trkpt>
    <trkpt lat="42.785094" lon="25.58468"></trkpt>
    <trkpt lat="42.784456" lon="25.58536"></trkpt>
    <trkpt lat="42.784524" lon="25.586427"></trkpt>
    <trkpt lat="42.783367" lon="25.587354"></trkpt>
    <trkpt lat="42.782312" lon="25.587353"></trkpt>
    <trkpt lat="42.781223" lon="25.589347"></trkpt>
    <trkpt lat="42.781428" lon="25.59097"></trkpt>
    <trkpt lat="42.782278" lon="25.593103"></trkpt>
    <trkpt lat="42.782108" lon="25.595514"></trkpt>
    <trkpt lat="42.782687" lon="25.596905"></trkpt>
    <trkpt lat="42.784081" lon="25.598258"></trkpt>
    <trkpt lat="42.785374" lon="25.599509"></trkpt>
    <trkpt lat="42.784387" lon="25.600344"></trkpt>
    <trkpt lat="42.783911" lon="25.60141"></trkpt>
    <trkpt lat="42.783877" lon="25.603312"></trkpt>
    <trkpt lat="42.784387" lon="25.604842"></trkpt>
    <trkpt lat="42.784489" lon="25.60665"></trkpt>
    <trkpt lat="42.785476" lon="25.60869"></trkpt>
    <trkpt lat="42.785648" lon="25.611118"></trkpt>
    <trkpt lat="42.786226" lon="25.612092"></trkpt>
    <trkpt lat="42.786328" lon="25.613715"></trkpt>
    <trkpt lat="42.786464" lon="25.615152"></trkpt>
    <trkpt lat="42.786737" lon="25.616265"></trkpt>
    <trkpt lat="42.786907" lon="25.616729"></trkpt>
    <trkpt lat="42.78609" lon="25.61812"></trkpt>
    <trkpt lat="42.785439" lon="25.621084"></trkpt>
    <trkpt lat="42.785132" lon="25.621872"></trkpt>
    <trkpt lat="42.784588" lon="25.623171"></trkpt>
    <trkpt lat="42.785132" lon="25.625072"></trkpt>
    <trkpt lat="42.78435" lon="25.626184"></trkpt>
    <trkpt lat="42.78452" lon="25.628178"></trkpt>
    <trkpt lat="42.783808" lon="25.629128"></trkpt>
    <trkpt lat="42.783162" lon="25.630009"></trkpt>
    <trkpt lat="42.781971" lon="25.632744"></trkpt>
    <trkpt lat="42.782617" lon="25.63344"></trkpt>
    <trkpt lat="42.784923" lon="25.635075"></trkpt>
    <trkpt lat="42.787172" lon="25.63591"></trkpt>
    <trkpt lat="42.788125" lon="25.636002"></trkpt>
    <trkpt lat="42.788601" lon="25.636605"></trkpt>
    <trkpt lat="42.788772" lon="25.637811"></trkpt>
    <trkpt lat="42.789077" lon="25.638831"></trkpt>
    <trkpt lat="42.789145" lon="25.639387"></trkpt>
    <trkpt lat="42.790125" lon="25.63931"></trkpt>
    <trkpt lat="42.791078" lon="25.637919"></trkpt>
    <trkpt lat="42.791724" lon="25.639496"></trkpt>
    <trkpt lat="42.792307" lon="25.64149"></trkpt>
    <trkpt lat="42.792409" lon="25.643252"></trkpt>
    <trkpt lat="42.791627" lon="25.646219"></trkpt>
    <trkpt lat="42.792103" lon="25.647749"></trkpt>
    <trkpt lat="42.792853" lon="25.649929"></trkpt>
    <trkpt lat="42.793432" lon="25.650671"></trkpt>
    <trkpt lat="42.793568" lon="25.653268"></trkpt>
    <trkpt lat="42.794248" lon="25.65401"></trkpt>
    <trkpt lat="42.794054" lon="25.654529"></trkpt>
    <trkpt lat="42.794176" lon="25.655688"></trkpt>
    <trkpt lat="42.793991" lon="25.655895"></trkpt>
    <trkpt lat="42.793515" lon="25.657981"></trkpt>
    <trkpt lat="42.792698" lon="25.65868"></trkpt>
    <trkpt lat="42.793345" lon="25.659932"></trkpt>
    <trkpt lat="42.794263" lon="25.661648"></trkpt>
    <trkpt lat="42.794739" lon="25.660304"></trkpt>
    <trkpt lat="42.795488" lon="25.660906"></trkpt>
    <trkpt lat="42.795998" lon="25.661277"></trkpt>
    <trkpt lat="42.795556" lon="25.662297"></trkpt>
    <trkpt lat="42.796134" lon="25.664616"></trkpt>
    <trkpt lat="42.795216" lon="25.666749"></trkpt>
    <trkpt lat="42.79525" lon="25.670329"></trkpt>
    <trkpt lat="42.795181" lon="25.672508"></trkpt>
    <trkpt lat="42.796949" lon="25.676812"></trkpt>
    <trkpt lat="42.798378" lon="25.678574"></trkpt>
    <trkpt lat="42.799296" lon="25.67876"></trkpt>
    <trkpt lat="42.801738" lon="25.677533"></trkpt>
    <trkpt lat="42.80446" lon="25.678739"></trkpt>
    <trkpt lat="42.807249" lon="25.681891"></trkpt>
    <trkpt lat="42.806433" lon="25.686064"></trkpt>
    <trkpt lat="42.806501" lon="25.688661"></trkpt>
    <trkpt lat="42.807113" lon="25.69237"></trkpt>
    <trkpt lat="42.807997" lon="25.697471"></trkpt>
    <trkpt lat="42.808406" lon="25.701273"></trkpt>
    <trkpt lat="42.806904" lon="25.704347"></trkpt>
    <trkpt lat="42.805544" lon="25.706758"></trkpt>
    <trkpt lat="42.803299" lon="25.708427"></trkpt>
    <trkpt lat="42.803707" lon="25.71362"></trkpt>
    <trkpt lat="42.804387" lon="25.715382"></trkpt>
    <trkpt lat="42.802414" lon="25.717793"></trkpt>
    <trkpt lat="42.798672" lon="25.718999"></trkpt>
    <trkpt lat="42.794113" lon="25.719648"></trkpt>
    <trkpt lat="42.791595" lon="25.720019"></trkpt>
    <trkpt lat="42.789349" lon="25.722989"></trkpt>
    <trkpt lat="42.788737" lon="25.726799"></trkpt>
    <trkpt lat="42.789622" lon="25.731065"></trkpt>
    <trkpt lat="42.789213" lon="25.735609"></trkpt>
    <trkpt lat="42.788873" lon="25.739874"></trkpt>
    <trkpt lat="42.788805" lon="25.743955"></trkpt>
    <trkpt lat="42.786993" lon="25.749096"></trkpt>
    <trkpt lat="42.786109" lon="25.752434"></trkpt>
    <trkpt lat="42.784271" lon="25.752991"></trkpt>
    <trkpt lat="42.78325" lon="25.752434"></trkpt>
    <trkpt lat="42.783999" lon="25.756515"></trkpt>
    <trkpt lat="42.782638" lon="25.75884"></trkpt>
    <trkpt lat="42.785232" lon="25.75782"></trkpt>
    <trkpt lat="42.783666" lon="25.761251"></trkpt>
    <trkpt lat="42.780672" lon="25.763106"></trkpt>
    <trkpt lat="42.78057" lon="25.765095"></trkpt>
    <trkpt lat="42.781591" lon="25.768619"></trkpt>
    <trkpt lat="42.779549" lon="25.773626"></trkpt>
    <trkpt lat="42.780911" lon="25.776408"></trkpt>
    <trkpt lat="42.782612" lon="25.778049"></trkpt>
    <trkpt lat="42.784246" lon="25.781944"></trkpt>
    <trkpt lat="42.784412" lon="25.787787"></trkpt>
    <trkpt lat="42.783867" lon="25.793907"></trkpt>
    <trkpt lat="42.782914" lon="25.797153"></trkpt>
    <trkpt lat="42.782846" lon="25.801604"></trkpt>
    <trkpt lat="42.782783" lon="25.808095"></trkpt>
    <trkpt lat="42.782579" lon="25.814216"></trkpt>
    <trkpt lat="42.780061" lon="25.816998"></trkpt>
    <trkpt lat="42.77904" lon="25.81978"></trkpt>
    <trkpt lat="42.779244" lon="25.824695"></trkpt>
    <trkpt lat="42.779993" lon="25.827477"></trkpt>
    <trkpt lat="42.778427" lon="25.829702"></trkpt>
    <trkpt lat="42.778291" lon="25.834153"></trkpt>
    <trkpt lat="42.777679" lon="25.837585"></trkpt>
    <trkpt lat="42.778768" lon="25.840552"></trkpt>
    <trkpt lat="42.779244" lon="25.843519"></trkpt>
    <trkpt lat="42.779585" lon="25.849176"></trkpt>
    <trkpt lat="42.782773" lon="25.851699"></trkpt>
    <trkpt lat="42.783806" lon="25.855889"></trkpt>
    <trkpt lat="42.78224" lon="25.860155"></trkpt>
    <trkpt lat="42.781151" lon="25.86507"></trkpt>
    <trkpt lat="42.780335" lon="25.869243"></trkpt>
    <trkpt lat="42.781764" lon="25.87305"></trkpt>
    <trkpt lat="42.782172" lon="25.876852"></trkpt>
    <trkpt lat="42.783125" lon="25.878985"></trkpt>
    <trkpt lat="42.786732" lon="25.879449"></trkpt>
    <trkpt lat="42.788502" lon="25.879634"></trkpt>
    <trkpt lat="42.790559" lon="25.882323"></trkpt>
    <trkpt lat="42.790082" lon="25.885754"></trkpt>
    <trkpt lat="42.789266" lon="25.888166"></trkpt>
    <trkpt lat="42.788876" lon="25.890624"></trkpt>
    <trkpt lat="42.789829" lon="25.89387"></trkpt>
    <trkpt lat="42.790306" lon="25.897162"></trkpt>
    <trkpt lat="42.788082" lon="25.898407"></trkpt>
    <trkpt lat="42.789341" lon="25.901931"></trkpt>
    <trkpt lat="42.789065" lon="25.904017"></trkpt>
    <trkpt lat="42.786649" lon="25.906057"></trkpt>
    <trkpt lat="42.785526" lon="25.908376"></trkpt>
    <trkpt lat="42.785799" lon="25.909071"></trkpt>
    <trkpt lat="42.784403" lon="25.911343"></trkpt>
    <trkpt lat="42.783138" lon="25.914047"></trkpt>
    <trkpt lat="42.784261" lon="25.915716"></trkpt>
    <trkpt lat="42.78484" lon="25.917803"></trkpt>
    <trkpt lat="42.785691" lon="25.921095"></trkpt>
    <trkpt lat="42.786167" lon="25.921605"></trkpt>
    <trkpt lat="42.785452" lon="25.923042"></trkpt>
    <trkpt lat="42.786711" lon="25.923879"></trkpt>
    <trkpt lat="42.785316" lon="25.925177"></trkpt>
    <trkpt lat="42.786984" lon="25.927082"></trkpt>
    <trkpt lat="42.784397" lon="25.927128"></trkpt>
    <trkpt lat="42.783377" lon="25.927449"></trkpt>
    <trkpt lat="42.78006" lon="25.926105"></trkpt>
    <trkpt lat="42.780096" lon="25.927611"></trkpt>
    <trkpt lat="42.777371" lon="25.929465"></trkpt>
    <trkpt lat="42.779014" lon="25.932024"></trkpt>
    <trkpt lat="42.780648" lon="25.934389"></trkpt>
    <trkpt lat="42.783065" lon="25.938191"></trkpt>
    <trkpt lat="42.78429" lon="25.939628"></trkpt>
    <trkpt lat="42.78497" lon="25.941945"></trkpt>
    <trkpt lat="42.785821" lon="25.94621"></trkpt>
    <trkpt lat="42.785991" lon="25.94992"></trkpt>
    <trkpt lat="42.786706" lon="25.951264"></trkpt>
    <trkpt lat="42.785889" lon="25.953165"></trkpt>
    <trkpt lat="42.786219" lon="25.956542"></trkpt>
    <trkpt lat="42.785981" lon="25.958953"></trkpt>
    <trkpt lat="42.786597" lon="25.960159"></trkpt>
    <trkpt lat="42.785749" lon="25.961628"></trkpt>
    <trkpt lat="42.788403" lon="25.967285"></trkpt>
    <trkpt lat="42.790309" lon="25.968305"></trkpt>
    <trkpt lat="42.791057" lon="25.973498"></trkpt>
    <trkpt lat="42.790581" lon="25.975631"></trkpt>
    <trkpt lat="42.793983" lon="25.981195"></trkpt>
    <trkpt lat="42.794256" lon="25.985368"></trkpt>
    <trkpt lat="42.794147" lon="25.991317"></trkpt>
    <trkpt lat="42.79578" lon="25.998735"></trkpt>
    <trkpt lat="42.796392" lon="26.002074"></trkpt>
    <trkpt lat="42.800815" lon="26.007359"></trkpt>
    <trkpt lat="42.803537" lon="26.011712"></trkpt>
    <trkpt lat="42.803741" lon="26.014865"></trkpt>
    <trkpt lat="42.806258" lon="26.01774"></trkpt>
    <trkpt lat="42.809635" lon="26.017617"></trkpt>
    <trkpt lat="42.8129" lon="26.019936"></trkpt>
    <trkpt lat="42.813648" lon="26.024387"></trkpt>
    <trkpt lat="42.814941" lon="26.02856"></trkpt>
    <trkpt lat="42.816097" lon="26.03468"></trkpt>
    <trkpt lat="42.815825" lon="26.037277"></trkpt>
    <trkpt lat="42.816709" lon="26.039781"></trkpt>
    <trkpt lat="42.815485" lon="26.044788"></trkpt>
    <trkpt lat="42.813785" lon="26.046915"></trkpt>
    <trkpt lat="42.811812" lon="26.047286"></trkpt>
    <trkpt lat="42.810383" lon="26.05081"></trkpt>
    <trkpt lat="42.810247" lon="26.055539"></trkpt>
    <trkpt lat="42.811948" lon="26.063793"></trkpt>
    <trkpt lat="42.811064" lon="26.067317"></trkpt>
    <trkpt lat="42.813036" lon="26.071304"></trkpt>
    <trkpt lat="42.814668" lon="26.07423"></trkpt>
    <trkpt lat="42.815756" lon="26.08202"></trkpt>
    <trkpt lat="42.816504" lon="26.085265"></trkpt>
    <trkpt lat="42.819827" lon="26.089068"></trkpt>
    <trkpt lat="42.822479" lon="26.09899"></trkpt>
    <trkpt lat="42.823077" lon="26.101283"></trkpt>
    <trkpt lat="42.821939" lon="26.103442"></trkpt>
    <trkpt lat="42.82192" lon="26.106059"></trkpt>
    <trkpt lat="42.821716" lon="26.108868"></trkpt>
    <trkpt lat="42.82085" lon="26.111138"></trkpt>
    <trkpt lat="42.820712" lon="26.119961"></trkpt>
    <trkpt lat="42.820508" lon="26.124598"></trkpt>
    <trkpt lat="42.818921" lon="26.128817"></trkpt>
    <trkpt lat="42.817357" lon="26.132062"></trkpt>
    <trkpt lat="42.816201" lon="26.135772"></trkpt>
    <trkpt lat="42.816478" lon="26.138836"></trkpt>
    <trkpt lat="42.817295" lon="26.142267"></trkpt>
    <trkpt lat="42.819131" lon="26.143569"></trkpt>
    <trkpt lat="42.820016" lon="26.147185"></trkpt>
    <trkpt lat="42.821989" lon="26.151451"></trkpt>
    <trkpt lat="42.822396" lon="26.153029"></trkpt>
    <trkpt lat="42.821342" lon="26.154168"></trkpt>
    <trkpt lat="42.821096" lon="26.155149"></trkpt>
    <trkpt lat="42.820696" lon="26.157478"></trkpt>
    <trkpt lat="42.820081" lon="26.158595"></trkpt>
    <trkpt lat="42.820286" lon="26.159726"></trkpt>
    <trkpt lat="42.81981" lon="26.162601"></trkpt>
    <trkpt lat="42.820082" lon="26.165104"></trkpt>
    <trkpt lat="42.819193" lon="26.165939"></trkpt>
    <trkpt lat="42.820621" lon="26.16835"></trkpt>
    <trkpt lat="42.818945" lon="26.170942"></trkpt>
    <trkpt lat="42.818444" lon="26.173083"></trkpt>
    <trkpt lat="42.818676" lon="26.174466"></trkpt>
    <trkpt lat="42.819669" lon="26.175958"></trkpt>
    <trkpt lat="42.820581" lon="26.176163"></trkpt>
    <trkpt lat="42.821301" lon="26.17772"></trkpt>
    <trkpt lat="42.820123" lon="26.178681"></trkpt>
    <trkpt lat="42.818944" lon="26.178355"></trkpt>
    <trkpt lat="42.818558" lon="26.178959"></trkpt>
    <trkpt lat="42.818808" lon="26.179966"></trkpt>
    <trkpt lat="42.81972" lon="26.180076"></trkpt>
    <trkpt lat="42.820679" lon="26.180372"></trkpt>
    <trkpt lat="42.821149" lon="26.181467"></trkpt>
    <trkpt lat="42.820809" lon="26.184434"></trkpt>
    <trkpt lat="42.820809" lon="26.186938"></trkpt>
    <trkpt lat="42.818836" lon="26.190647"></trkpt>
    <trkpt lat="42.818156" lon="26.194079"></trkpt>
    <trkpt lat="42.818632" lon="26.198252"></trkpt>
    <trkpt lat="42.819996" lon="26.204187"></trkpt>
    <trkpt lat="42.819928" lon="26.209009"></trkpt>
    <trkpt lat="42.820881" lon="26.211239"></trkpt>
    <trkpt lat="42.822105" lon="26.213372"></trkpt>
    <trkpt lat="42.824009" lon="26.214763"></trkpt>
    <trkpt lat="42.825522" lon="26.21426"></trkpt>
    <trkpt lat="42.828719" lon="26.217413"></trkpt>
    <trkpt lat="42.832459" lon="26.216764"></trkpt>
    <trkpt lat="42.832323" lon="26.21936"></trkpt>
    <trkpt lat="42.832667" lon="26.224275"></trkpt>
    <trkpt lat="42.833283" lon="26.227985"></trkpt>
    <trkpt lat="42.832535" lon="26.230859"></trkpt>
    <trkpt lat="42.832875" lon="26.233085"></trkpt>
    <trkpt lat="42.831855" lon="26.23517"></trkpt>
    <trkpt lat="42.832333" lon="26.239008"></trkpt>
    <trkpt lat="42.831245" lon="26.243367"></trkpt>
    <trkpt lat="42.831789" lon="26.247262"></trkpt>
    <trkpt lat="42.831517" lon="26.250229"></trkpt>
    <trkpt lat="42.831789" lon="26.25533"></trkpt>
    <trkpt lat="42.833081" lon="26.260708"></trkpt>
    <trkpt lat="42.833557" lon="26.265716"></trkpt>
    <trkpt lat="42.834374" lon="26.268405"></trkpt>
    <trkpt lat="42.834774" lon="26.272763"></trkpt>
    <trkpt lat="42.835506" lon="26.278881"></trkpt>
    <trkpt lat="42.833806" lon="26.281014"></trkpt>
    <trkpt lat="42.83325" lon="26.281573"></trkpt>
    <trkpt lat="42.833624" lon="26.283292"></trkpt>
    <trkpt lat="42.833126" lon="26.285094"></trkpt>
    <trkpt lat="42.834306" lon="26.286352"></trkpt>
    <trkpt lat="42.834315" lon="26.287603"></trkpt>
    <trkpt lat="42.834897" lon="26.288214"></trkpt>
    <trkpt lat="42.834722" lon="26.290063"></trkpt>
    <trkpt lat="42.83547" lon="26.292103"></trkpt>
    <trkpt lat="42.83819" lon="26.294329"></trkpt>
    <trkpt lat="42.83989" lon="26.296276"></trkpt>
    <trkpt lat="42.84198" lon="26.298677"></trkpt>
    <trkpt lat="42.843" lon="26.302479"></trkpt>
    <trkpt lat="42.843816" lon="26.306096"></trkpt>
    <trkpt lat="42.844635" lon="26.310176"></trkpt>
    <trkpt lat="42.845927" lon="26.314164"></trkpt>
    <trkpt lat="42.848171" lon="26.316297"></trkpt>
    <trkpt lat="42.852937" lon="26.317927"></trkpt>
    <trkpt lat="42.853413" lon="26.320802"></trkpt>
    <trkpt lat="42.853413" lon="26.323491"></trkpt>
    <trkpt lat="42.851918" lon="26.32618"></trkpt>
    <trkpt lat="42.85117" lon="26.32887"></trkpt>
    <trkpt lat="42.850078" lon="26.332953"></trkpt>
    <trkpt lat="42.847834" lon="26.337399"></trkpt>
    <trkpt lat="42.847481" lon="26.341168"></trkpt>
    <trkpt lat="42.846325" lon="26.346918"></trkpt>
    <trkpt lat="42.845301" lon="26.350905"></trkpt>
    <trkpt lat="42.847613" lon="26.351926"></trkpt>
    <trkpt lat="42.84972" lon="26.353966"></trkpt>
    <trkpt lat="42.850876" lon="26.354708"></trkpt>
    <trkpt lat="42.8521" lon="26.354708"></trkpt>
    <trkpt lat="42.851964" lon="26.357026"></trkpt>
    <trkpt lat="42.850334" lon="26.361619"></trkpt>
    <trkpt lat="42.851082" lon="26.36403"></trkpt>
    <trkpt lat="42.849038" lon="26.368809"></trkpt>
    <trkpt lat="42.849174" lon="26.372426"></trkpt>
    <trkpt lat="42.847712" lon="26.374653"></trkpt>
    <trkpt lat="42.847608" lon="26.378228"></trkpt>
    <trkpt lat="42.846795" lon="26.381845"></trkpt>
    <trkpt lat="42.848631" lon="26.385276"></trkpt>
    <trkpt lat="42.849278" lon="26.390956"></trkpt>
    <trkpt lat="42.849075" lon="26.393089"></trkpt>
    <trkpt lat="42.849007" lon="26.394572"></trkpt>
    <trkpt lat="42.850978" lon="26.396149"></trkpt>
    <trkpt lat="42.851439" lon="26.396417"></trkpt>
    <trkpt lat="42.851642" lon="26.397352"></trkpt>
    <trkpt lat="42.851775" lon="26.397756"></trkpt>
    <trkpt lat="42.852047" lon="26.398637"></trkpt>
    <trkpt lat="42.852027" lon="26.400014"></trkpt>
    <trkpt lat="42.852255" lon="26.400335"></trkpt>
    <trkpt lat="42.852458" lon="26.400497"></trkpt>
    <trkpt lat="42.85273" lon="26.400543"></trkpt>
    <trkpt lat="42.853022" lon="26.400623"></trkpt>
    <trkpt lat="42.853342" lon="26.40059"></trkpt>
    <trkpt lat="42.853633" lon="26.400627"></trkpt>
    <trkpt lat="42.854063" lon="26.400633"></trkpt>
    <trkpt lat="42.854418" lon="26.400603"></trkpt>
    <trkpt lat="42.855523" lon="26.401646"></trkpt>
    <trkpt lat="42.857902" lon="26.403467"></trkpt>
    <trkpt lat="42.859448" lon="26.404764"></trkpt>
    <trkpt lat="42.860026" lon="26.405877"></trkpt>
    <trkpt lat="42.86095" lon="26.408225"></trkpt>
    <trkpt lat="42.860831" lon="26.410334"></trkpt>
    <trkpt lat="42.860253" lon="26.411494"></trkpt>
    <trkpt lat="42.859369" lon="26.412351"></trkpt>
    <trkpt lat="42.858435" lon="26.41365"></trkpt>
    <trkpt lat="42.857925" lon="26.415272"></trkpt>
    <trkpt lat="42.857478" lon="26.416598"></trkpt>
    <trkpt lat="42.85792" lon="26.418523"></trkpt>
    <trkpt lat="42.85974" lon="26.419824"></trkpt>
    <trkpt lat="42.864065" lon="26.422009"></trkpt>
    <trkpt lat="42.867057" lon="26.423589"></trkpt>
    <trkpt lat="42.86862" lon="26.42549"></trkpt>
    <trkpt lat="42.869368" lon="26.426325"></trkpt>
    <trkpt lat="42.869717" lon="26.426897"></trkpt>
    <trkpt lat="42.87096" lon="26.426897"></trkpt>
    <trkpt lat="42.872184" lon="26.428705"></trkpt>
    <trkpt lat="42.873056" lon="26.429815"></trkpt>
    <trkpt lat="42.873951" lon="26.429911"></trkpt>
    <trkpt lat="42.87438" lon="26.429857"></trkpt>
    <trkpt lat="42.874976" lon="26.430274"></trkpt>
    <trkpt lat="42.875486" lon="26.430508"></trkpt>
    <trkpt lat="42.875792" lon="26.430415"></trkpt>
    <trkpt lat="42.876098" lon="26.430369"></trkpt>
    <trkpt lat="42.876265" lon="26.430261"></trkpt>
    <trkpt lat="42.876265" lon="26.430261"></trkpt>
    <trkpt lat="42.876432" lon="26.430172"></trkpt>
    <trkpt lat="42.876748" lon="26.42999"></trkpt>
    <trkpt lat="42.876942" lon="26.429894"></trkpt>
    <trkpt lat="42.877265" lon="26.429782"></trkpt>
    <trkpt lat="42.877503" lon="26.429675"></trkpt>
    <trkpt lat="42.877689" lon="26.429568"></trkpt>
    <trkpt lat="42.878063" lon="26.430125"></trkpt>
    <trkpt lat="42.878521" lon="26.430801"></trkpt>
    <trkpt lat="42.87902" lon="26.43125"></trkpt>
    <trkpt lat="42.879255" lon="26.431544"></trkpt>
    <trkpt lat="42.88024" lon="26.432332"></trkpt>
    <trkpt lat="42.881633" lon="26.43224"></trkpt>
    <trkpt lat="42.882311" lon="26.431635"></trkpt>
    <trkpt lat="42.882855" lon="26.432841"></trkpt>
    <trkpt lat="42.883364" lon="26.432609"></trkpt>
    <trkpt lat="42.883806" lon="26.433635"></trkpt>
    <trkpt lat="42.883806" lon="26.436417"></trkpt>
    <trkpt lat="42.884791" lon="26.43841"></trkpt>
    <trkpt lat="42.88632" lon="26.440126"></trkpt>
    <trkpt lat="42.887509" lon="26.440961"></trkpt>
    <trkpt lat="42.887704" lon="26.442405"></trkpt>
    <trkpt lat="42.889487" lon="26.444276"></trkpt>
    <trkpt lat="42.889453" lon="26.448407"></trkpt>
    <trkpt lat="42.889625" lon="26.449665"></trkpt>
    <trkpt lat="42.888436" lon="26.449943"></trkpt>
    <trkpt lat="42.888299" lon="26.45043"></trkpt>
    <trkpt lat="42.88745" lon="26.450407"></trkpt>
    <trkpt lat="42.890135" lon="26.452679"></trkpt>
    <trkpt lat="42.89226" lon="26.454195"></trkpt>
    <trkpt lat="42.895661" lon="26.456344"></trkpt>
    <trkpt lat="42.898563" lon="26.458338"></trkpt>
    <trkpt lat="42.89925" lon="26.458736"></trkpt>
    <trkpt lat="42.907842" lon="26.458718"></trkpt>
    <trkpt lat="42.915279" lon="26.456492"></trkpt>
    <trkpt lat="42.917738" lon="26.460754"></trkpt>
    <trkpt lat="42.920862" lon="26.464881"></trkpt>
    <trkpt lat="42.924411" lon="26.468001"></trkpt>
    <trkpt lat="42.925973" lon="26.469809"></trkpt>
    <trkpt lat="42.926007" lon="26.471849"></trkpt>
    <trkpt lat="42.92767" lon="26.474307"></trkpt>
    <trkpt lat="42.929707" lon="26.475327"></trkpt>
    <trkpt lat="42.929028" lon="26.478712"></trkpt>
    <trkpt lat="42.929809" lon="26.479732"></trkpt>
    <trkpt lat="42.928621" lon="26.482375"></trkpt>
    <trkpt lat="42.927399" lon="26.483766"></trkpt>
    <trkpt lat="42.926516" lon="26.486084"></trkpt>
    <trkpt lat="42.926652" lon="26.487243"></trkpt>
    <trkpt lat="42.926239" lon="26.489576"></trkpt>
    <trkpt lat="42.926511" lon="26.491802"></trkpt>
    <trkpt lat="42.927088" lon="26.495094"></trkpt>
    <trkpt lat="42.927529" lon="26.49613"></trkpt>
    <trkpt lat="42.929227" lon="26.497062"></trkpt>
    <trkpt lat="42.929975" lon="26.500029"></trkpt>
    <trkpt lat="42.929194" lon="26.503182"></trkpt>
    <trkpt lat="42.928718" lon="26.500771"></trkpt>
    <trkpt lat="42.928549" lon="26.502023"></trkpt>
    <trkpt lat="42.928175" lon="26.504017"></trkpt>
    <trkpt lat="42.927191" lon="26.504248"></trkpt>
    <trkpt lat="42.926645" lon="26.505268"></trkpt>
    <trkpt lat="42.925389" lon="26.506475"></trkpt>
    <trkpt lat="42.925151" lon="26.507681"></trkpt>
    <trkpt lat="42.926102" lon="26.508237"></trkpt>
    <trkpt lat="42.924574" lon="26.508238"></trkpt>
    <trkpt lat="42.925763" lon="26.510974"></trkpt>
    <trkpt lat="42.925655" lon="26.512799"></trkpt>
    <trkpt lat="42.927386" lon="26.513726"></trkpt>
    <trkpt lat="42.927318" lon="26.514793"></trkpt>
    <trkpt lat="42.925858" lon="26.516786"></trkpt>
    <trkpt lat="42.924874" lon="26.518224"></trkpt>
    <trkpt lat="42.924602" lon="26.519893"></trkpt>
    <trkpt lat="42.925519" lon="26.520496"></trkpt>
    <trkpt lat="42.9263" lon="26.521377"></trkpt>
    <trkpt lat="42.927182" lon="26.52286"></trkpt>
    <trkpt lat="42.927284" lon="26.524669"></trkpt>
    <trkpt lat="42.926503" lon="26.526338"></trkpt>
    <trkpt lat="42.92596" lon="26.528054"></trkpt>
    <trkpt lat="42.926232" lon="26.52861"></trkpt>
    <trkpt lat="42.92579" lon="26.529028"></trkpt>
    <trkpt lat="42.926096" lon="26.531207"></trkpt>
    <trkpt lat="42.926028" lon="26.533015"></trkpt>
    <trkpt lat="42.926367" lon="26.533942"></trkpt>
    <trkpt lat="42.925678" lon="26.535548"></trkpt>
    <trkpt lat="42.924965" lon="26.535594"></trkpt>
    <trkpt lat="42.925067" lon="26.536429"></trkpt>
    <trkpt lat="42.926119" lon="26.536661"></trkpt>
    <trkpt lat="42.927011" lon="26.537415"></trkpt>
    <trkpt lat="42.928471" lon="26.537878"></trkpt>
    <trkpt lat="42.928572" lon="26.539177"></trkpt>
    <trkpt lat="42.928606" lon="26.54182"></trkpt>
    <trkpt lat="42.928606" lon="26.543628"></trkpt>
    <trkpt lat="42.928199" lon="26.545019"></trkpt>
    <trkpt lat="42.927588" lon="26.54641"></trkpt>
    <trkpt lat="42.927825" lon="26.54845"></trkpt>
    <trkpt lat="42.928301" lon="26.550351"></trkpt>
    <trkpt lat="42.928369" lon="26.551417"></trkpt>
    <trkpt lat="42.929326" lon="26.555353"></trkpt>
    <trkpt lat="42.929869" lon="26.554055"></trkpt>
    <trkpt lat="42.930073" lon="26.555539"></trkpt>
    <trkpt lat="42.931566" lon="26.557486"></trkpt>
    <trkpt lat="42.932449" lon="26.560361"></trkpt>
    <trkpt lat="42.933842" lon="26.562467"></trkpt>
    <trkpt lat="42.932682" lon="26.565534"></trkpt>
    <trkpt lat="42.932342" lon="26.567574"></trkpt>
    <trkpt lat="42.933157" lon="26.571561"></trkpt>
    <trkpt lat="42.933293" lon="26.577682"></trkpt>
    <trkpt lat="42.934719" lon="26.580555"></trkpt>
    <trkpt lat="42.936077" lon="26.579535"></trkpt>
    <trkpt lat="42.936009" lon="26.580926"></trkpt>
    <trkpt lat="42.934719" lon="26.581853"></trkpt>
    <trkpt lat="42.935128" lon="26.58515"></trkpt>
    <trkpt lat="42.936079" lon="26.586634"></trkpt>
    <trkpt lat="42.935536" lon="26.590529"></trkpt>
    <trkpt lat="42.935807" lon="26.594052"></trkpt>
    <trkpt lat="42.933635" lon="26.595165"></trkpt>
    <trkpt lat="42.933838" lon="26.598225"></trkpt>
    <trkpt lat="42.932412" lon="26.599892"></trkpt>
    <trkpt lat="42.933445" lon="26.603305"></trkpt>
    <trkpt lat="42.934124" lon="26.603676"></trkpt>
    <trkpt lat="42.933174" lon="26.604603"></trkpt>
    <trkpt lat="42.933513" lon="26.607292"></trkpt>
    <trkpt lat="42.93426" lon="26.605994"></trkpt>
    <trkpt lat="42.936297" lon="26.608498"></trkpt>
    <trkpt lat="42.937179" lon="26.607756"></trkpt>
    <trkpt lat="42.937587" lon="26.609332"></trkpt>
    <trkpt lat="42.940234" lon="26.610352"></trkpt>
    <trkpt lat="42.942814" lon="26.61128"></trkpt>
    <trkpt lat="42.945126" lon="26.614856"></trkpt>
    <trkpt lat="42.946291" lon="26.618092"></trkpt>
    <trkpt lat="42.946834" lon="26.62143"></trkpt>
    <trkpt lat="42.948192" lon="26.626531"></trkpt>
    <trkpt lat="42.949278" lon="26.62922"></trkpt>
    <trkpt lat="42.947893" lon="26.629577"></trkpt>
    <trkpt lat="42.946807" lon="26.628604"></trkpt>
    <trkpt lat="42.945042" lon="26.628975"></trkpt>
    <trkpt lat="42.942903" lon="26.631015"></trkpt>
    <trkpt lat="42.941376" lon="26.631061"></trkpt>
    <trkpt lat="42.940765" lon="26.631386"></trkpt>
    <trkpt lat="42.940612" lon="26.632862"></trkpt>
    <trkpt lat="42.940069" lon="26.633465"></trkpt>
    <trkpt lat="42.941563" lon="26.634485"></trkpt>
    <trkpt lat="42.943839" lon="26.636479"></trkpt>
    <trkpt lat="42.94462" lon="26.638565"></trkpt>
    <trkpt lat="42.945061" lon="26.640049"></trkpt>
    <trkpt lat="42.944654" lon="26.640932"></trkpt>
    <trkpt lat="42.945367" lon="26.642786"></trkpt>
    <trkpt lat="42.945265" lon="26.644502"></trkpt>
    <trkpt lat="42.945366" lon="26.646034"></trkpt>
    <trkpt lat="42.950031" lon="26.648346"></trkpt>
    <trkpt lat="42.952548" lon="26.651035"></trkpt>
    <trkpt lat="42.954856" lon="26.651313"></trkpt>
    <trkpt lat="42.953702" lon="26.649829"></trkpt>
    <trkpt lat="42.956824" lon="26.651684"></trkpt>
    <trkpt lat="42.952747" lon="26.654559"></trkpt>
    <trkpt lat="42.951414" lon="26.655905"></trkpt>
    <trkpt lat="42.952206" lon="26.65697"></trkpt>
    <trkpt lat="42.951187" lon="26.659288"></trkpt>
    <trkpt lat="42.951052" lon="26.664574"></trkpt>
    <trkpt lat="42.950803" lon="26.666662"></trkpt>
    <trkpt lat="42.951595" lon="26.671158"></trkpt>
    <trkpt lat="42.951685" lon="26.673812"></trkpt>
    <trkpt lat="42.952675" lon="26.675668"></trkpt>
    <trkpt lat="42.953353" lon="26.676596"></trkpt>
    <trkpt lat="42.952224" lon="26.677894"></trkpt>
    <trkpt lat="42.952539" lon="26.680861"></trkpt>
    <trkpt lat="42.94996" lon="26.681793"></trkpt>
    <trkpt lat="42.948874" lon="26.683277"></trkpt>
    <trkpt lat="42.950503" lon="26.683648"></trkpt>
    <trkpt lat="42.945005" lon="26.687636"></trkpt>
    <trkpt lat="42.942822" lon="26.691002"></trkpt>
    <trkpt lat="42.941804" lon="26.694804"></trkpt>
    <trkpt lat="42.943229" lon="26.697499"></trkpt>
    <trkpt lat="42.942754" lon="26.700095"></trkpt>
    <trkpt lat="42.943772" lon="26.704549"></trkpt>
    <trkpt lat="42.94384" lon="26.708073"></trkpt>
    <trkpt lat="42.945809" lon="26.708629"></trkpt>
    <trkpt lat="42.944723" lon="26.712528"></trkpt>
    <trkpt lat="42.946012" lon="26.714104"></trkpt>
    <trkpt lat="42.947574" lon="26.715588"></trkpt>
    <trkpt lat="42.947712" lon="26.717767"></trkpt>
    <trkpt lat="42.946558" lon="26.721291"></trkpt>
    <trkpt lat="42.947101" lon="26.724908"></trkpt>
    <trkpt lat="42.946829" lon="26.72769"></trkpt>
    <trkpt lat="42.947576" lon="26.72871"></trkpt>
    <trkpt lat="42.945743" lon="26.727968"></trkpt>
    <trkpt lat="42.944046" lon="26.726762"></trkpt>
    <trkpt lat="42.943571" lon="26.730843"></trkpt>
    <trkpt lat="42.943096" lon="26.73585"></trkpt>
    <trkpt lat="42.943401" lon="26.74309"></trkpt>
    <trkpt lat="42.942247" lon="26.749025"></trkpt>
    <trkpt lat="42.943062" lon="26.749581"></trkpt>
    <trkpt lat="42.943198" lon="26.753012"></trkpt>
    <trkpt lat="42.943537" lon="26.756351"></trkpt>
    <trkpt lat="42.942994" lon="26.759318"></trkpt>
    <trkpt lat="42.942582" lon="26.761822"></trkpt>
    <trkpt lat="42.944408" lon="26.764564"></trkpt>
    <trkpt lat="42.945154" lon="26.768366"></trkpt>
    <trkpt lat="42.94563" lon="26.769015"></trkpt>
    <trkpt lat="42.945562" lon="26.771241"></trkpt>
    <trkpt lat="42.945765" lon="26.774023"></trkpt>
    <trkpt lat="42.946173" lon="26.777176"></trkpt>
    <trkpt lat="42.946783" lon="26.7807"></trkpt>
    <trkpt lat="42.946716" lon="26.783482"></trkpt>
    <trkpt lat="42.946444" lon="26.787655"></trkpt>
    <trkpt lat="42.945901" lon="26.791549"></trkpt>
    <trkpt lat="42.945901" lon="26.793775"></trkpt>
    <trkpt lat="42.945358" lon="26.795073"></trkpt>
    <trkpt lat="42.946722" lon="26.796611"></trkpt>
    <trkpt lat="42.947401" lon="26.797816"></trkpt>
    <trkpt lat="42.947706" lon="26.800135"></trkpt>
    <trkpt lat="42.947129" lon="26.801989"></trkpt>
    <trkpt lat="42.947197" lon="26.803658"></trkpt>
    <trkpt lat="42.947095" lon="26.805281"></trkpt>
    <trkpt lat="42.94662" lon="26.806811"></trkpt>
    <trkpt lat="42.947129" lon="26.80862"></trkpt>
    <trkpt lat="42.947503" lon="26.809686"></trkpt>
    <trkpt lat="42.946111" lon="26.810892"></trkpt>
    <trkpt lat="42.946179" lon="26.812978"></trkpt>
    <trkpt lat="42.94567" lon="26.814184"></trkpt>
    <trkpt lat="42.945263" lon="26.815575"></trkpt>
    <trkpt lat="42.94522" lon="26.81743"></trkpt>
    <trkpt lat="42.944304" lon="26.819145"></trkpt>
    <trkpt lat="42.944371" lon="26.820026"></trkpt>
    <trkpt lat="42.943798" lon="26.820632"></trkpt>
    <trkpt lat="42.94356" lon="26.82193"></trkpt>
    <trkpt lat="42.942802" lon="26.823757"></trkpt>
    <trkpt lat="42.941355" lon="26.820742"></trkpt>
    <trkpt lat="42.939561" lon="26.821191"></trkpt>
    <trkpt lat="42.940447" lon="26.822094"></trkpt>
    <trkpt lat="42.941368" lon="26.823244"></trkpt>
    <trkpt lat="42.94168" lon="26.824942"></trkpt>
    <trkpt lat="42.942145" lon="26.825598"></trkpt>
    <trkpt lat="42.942891" lon="26.825969"></trkpt>
    <trkpt lat="42.943163" lon="26.828009"></trkpt>
    <trkpt lat="42.94357" lon="26.829122"></trkpt>
    <trkpt lat="42.944045" lon="26.829307"></trkpt>
    <trkpt lat="42.944385" lon="26.829863"></trkpt>
    <trkpt lat="42.944724" lon="26.830234"></trkpt>
    <trkpt lat="42.945702" lon="26.830418"></trkpt>
    <trkpt lat="42.944888" lon="26.831021"></trkpt>
    <trkpt lat="42.943496" lon="26.830974"></trkpt>
    <trkpt lat="42.942953" lon="26.830557"></trkpt>
    <trkpt lat="42.942478" lon="26.83371"></trkpt>
    <trkpt lat="42.942311" lon="26.836069"></trkpt>
    <trkpt lat="42.94282" lon="26.837738"></trkpt>
    <trkpt lat="42.943872" lon="26.83848"></trkpt>
    <trkpt lat="42.943804" lon="26.840891"></trkpt>
    <trkpt lat="42.944279" lon="26.842931"></trkpt>
    <trkpt lat="42.94523" lon="26.84474"></trkpt>
    <trkpt lat="42.945603" lon="26.847104"></trkpt>
    <trkpt lat="42.945297" lon="26.847985"></trkpt>
    <trkpt lat="42.946183" lon="26.850422"></trkpt>
    <trkpt lat="42.945334" lon="26.850746"></trkpt>
    <trkpt lat="42.943705" lon="26.853204"></trkpt>
    <trkpt lat="42.942076" lon="26.85478"></trkpt>
    <trkpt lat="42.941872" lon="26.856589"></trkpt>
    <trkpt lat="42.940786" lon="26.857516"></trkpt>
    <trkpt lat="42.939836" lon="26.85914"></trkpt>
    <trkpt lat="42.941024" lon="26.859882"></trkpt>
    <trkpt lat="42.941601" lon="26.861505"></trkpt>
    <trkpt lat="42.941227" lon="26.863407"></trkpt>
    <trkpt lat="42.941329" lon="26.865169"></trkpt>
    <trkpt lat="42.941227" lon="26.866514"></trkpt>
    <trkpt lat="42.942829" lon="26.867348"></trkpt>
    <trkpt lat="42.943677" lon="26.868693"></trkpt>
    <trkpt lat="42.944254" lon="26.870409"></trkpt>
    <trkpt lat="42.944662" lon="26.87282"></trkpt>
    <trkpt lat="42.94534" lon="26.873608"></trkpt>
    <trkpt lat="42.944863" lon="26.874674"></trkpt>
    <trkpt lat="42.945809" lon="26.876036"></trkpt>
    <trkpt lat="42.945843" lon="26.877195"></trkpt>
    <trkpt lat="42.945707" lon="26.878447"></trkpt>
    <trkpt lat="42.946013" lon="26.878957"></trkpt>
    <trkpt lat="42.945436" lon="26.881461"></trkpt>
    <trkpt lat="42.945436" lon="26.883547"></trkpt>
    <trkpt lat="42.944995" lon="26.884521"></trkpt>
    <trkpt lat="42.946284" lon="26.885541"></trkpt>
    <trkpt lat="42.945706" lon="26.887628"></trkpt>
    <trkpt lat="42.945434" lon="26.889298"></trkpt>
    <trkpt lat="42.945841" lon="26.890689"></trkpt>
    <trkpt lat="42.945457" lon="26.893459"></trkpt>
    <trkpt lat="42.946237" lon="26.895174"></trkpt>
    <trkpt lat="42.946713" lon="26.897122"></trkpt>
    <trkpt lat="42.947324" lon="26.89967"></trkpt>
    <trkpt lat="42.946578" lon="26.900783"></trkpt>
    <trkpt lat="42.944508" lon="26.90236"></trkpt>
    <trkpt lat="42.943286" lon="26.90273"></trkpt>
    <trkpt lat="42.941725" lon="26.902777"></trkpt>
    <trkpt lat="42.940502" lon="26.904423"></trkpt>
    <trkpt lat="42.93911" lon="26.90651"></trkpt>
    <trkpt lat="42.938499" lon="26.906371"></trkpt>
    <trkpt lat="42.937922" lon="26.905397"></trkpt>
    <trkpt lat="42.936361" lon="26.906788"></trkpt>
    <trkpt lat="42.935342" lon="26.908086"></trkpt>
    <trkpt lat="42.934882" lon="26.909958"></trkpt>
    <trkpt lat="42.934882" lon="26.910889"></trkpt>
    <trkpt lat="42.934948" lon="26.912557"></trkpt>
    <trkpt lat="42.93471" lon="26.914319"></trkpt>
    <trkpt lat="42.935593" lon="26.915896"></trkpt>
    <trkpt lat="42.93712" lon="26.916128"></trkpt>
    <trkpt lat="42.937595" lon="26.917704"></trkpt>
    <trkpt lat="42.938037" lon="26.92044"></trkpt>
    <trkpt lat="42.937799" lon="26.923083"></trkpt>
    <trkpt lat="42.937084" lon="26.924334"></trkpt>
    <trkpt lat="42.937118" lon="26.926328"></trkpt>
    <trkpt lat="42.937559" lon="26.928368"></trkpt>
    <trkpt lat="42.937016" lon="26.929898"></trkpt>
    <trkpt lat="42.936879" lon="26.931521"></trkpt>
    <trkpt lat="42.935555" lon="26.933654"></trkpt>
    <trkpt lat="42.935386" lon="26.935045"></trkpt>
    <trkpt lat="42.934809" lon="26.936578"></trkpt>
    <trkpt lat="42.934198" lon="26.937274"></trkpt>
    <trkpt lat="42.935827" lon="26.936529"></trkpt>
    <trkpt lat="42.93637" lon="26.936529"></trkpt>
    <trkpt lat="42.936087" lon="26.937802"></trkpt>
    <trkpt lat="42.935713" lon="26.9391"></trkpt>
    <trkpt lat="42.936698" lon="26.940445"></trkpt>
    <trkpt lat="42.934884" lon="26.941478"></trkpt>
    <trkpt lat="42.934306" lon="26.942915"></trkpt>
    <trkpt lat="42.93597" lon="26.943518"></trkpt>
    <trkpt lat="42.935664" lon="26.944028"></trkpt>
    <trkpt lat="42.933797" lon="26.944167"></trkpt>
    <trkpt lat="42.93227" lon="26.943657"></trkpt>
    <trkpt lat="42.930912" lon="26.944075"></trkpt>
    <trkpt lat="42.929223" lon="26.944546"></trkpt>
    <trkpt lat="42.929495" lon="26.94603"></trkpt>
    <trkpt lat="42.930377" lon="26.947838"></trkpt>
    <trkpt lat="42.9316" lon="26.948533"></trkpt>
    <trkpt lat="42.932822" lon="26.95062"></trkpt>
    <trkpt lat="42.933025" lon="26.951547"></trkpt>
    <trkpt lat="42.93238" lon="26.951269"></trkpt>
    <trkpt lat="42.931803" lon="26.949693"></trkpt>
    <trkpt lat="42.931471" lon="26.950016"></trkpt>
    <trkpt lat="42.931776" lon="26.950943"></trkpt>
    <trkpt lat="42.932048" lon="26.951662"></trkpt>
    <trkpt lat="42.931709" lon="26.951986"></trkpt>
    <trkpt lat="42.932592" lon="26.95287"></trkpt>
    <trkpt lat="42.932983" lon="26.953287"></trkpt>
    <trkpt lat="42.933713" lon="26.953264"></trkpt>
    <trkpt lat="42.934392" lon="26.954006"></trkpt>
    <trkpt lat="42.935206" lon="26.955165"></trkpt>
    <trkpt lat="42.935693" lon="26.956478"></trkpt>
    <trkpt lat="42.936288" lon="26.957035"></trkpt>
    <trkpt lat="42.935863" lon="26.957892"></trkpt>
    <trkpt lat="42.936372" lon="26.959492"></trkpt>
    <trkpt lat="42.93678" lon="26.961069"></trkpt>
    <trkpt lat="42.936746" lon="26.962738"></trkpt>
    <trkpt lat="42.937034" lon="26.964106"></trkpt>
    <trkpt lat="42.938115" lon="26.966258"></trkpt>
    <trkpt lat="42.938234" lon="26.96751"></trkpt>
    <trkpt lat="42.938675" lon="26.968437"></trkpt>
    <trkpt lat="42.939592" lon="26.969179"></trkpt>
    <trkpt lat="42.939745" lon="26.970964"></trkpt>
    <trkpt lat="42.940101" lon="26.97333"></trkpt>
    <trkpt lat="42.940084" lon="26.974883"></trkpt>
    <trkpt lat="42.939089" lon="26.976435"></trkpt>
    <trkpt lat="42.938784" lon="26.977872"></trkpt>
    <trkpt lat="42.938801" lon="26.978777"></trkpt>
    <trkpt lat="42.938903" lon="26.980098"></trkpt>
    <trkpt lat="42.93897" lon="26.982115"></trkpt>
    <trkpt lat="42.938869" lon="26.983506"></trkpt>
    <trkpt lat="42.937103" lon="26.987962"></trkpt>
    <trkpt lat="42.935745" lon="26.990187"></trkpt>
    <trkpt lat="42.935301" lon="26.991671"></trkpt>
    <trkpt lat="42.933603" lon="26.993062"></trkpt>
    <trkpt lat="42.932789" lon="26.991857"></trkpt>
    <trkpt lat="42.932517" lon="26.993897"></trkpt>
    <trkpt lat="42.930752" lon="26.99436"></trkpt>
    <trkpt lat="42.928986" lon="26.994731"></trkpt>
    <trkpt lat="42.926201" lon="26.995473"></trkpt>
    <trkpt lat="42.924979" lon="26.996401"></trkpt>
    <trkpt lat="42.923281" lon="26.996679"></trkpt>
    <trkpt lat="42.922463" lon="26.99705"></trkpt>
    <trkpt lat="42.923191" lon="27.001267"></trkpt>
    <trkpt lat="42.923802" lon="27.004234"></trkpt>
    <trkpt lat="42.924821" lon="27.007202"></trkpt>
    <trkpt lat="42.925907" lon="27.009706"></trkpt>
    <trkpt lat="42.927062" lon="27.013044"></trkpt>
    <trkpt lat="42.92679" lon="27.016753"></trkpt>
    <trkpt lat="42.925432" lon="27.019443"></trkpt>
    <trkpt lat="42.923191" lon="27.021946"></trkpt>
    <trkpt lat="42.920464" lon="27.026995"></trkpt>
    <trkpt lat="42.919445" lon="27.028979"></trkpt>
    <trkpt lat="42.916729" lon="27.030184"></trkpt>
    <trkpt lat="42.914965" lon="27.033618"></trkpt>
    <trkpt lat="42.913326" lon="27.03819"></trkpt>
    <trkpt lat="42.912964" lon="27.041173"></trkpt>
    <trkpt lat="42.91161" lon="27.042378"></trkpt>
    <trkpt lat="42.90964" lon="27.044048"></trkpt>
    <trkpt lat="42.909844" lon="27.046459"></trkpt>
    <trkpt lat="42.908893" lon="27.048777"></trkpt>
    <trkpt lat="42.906991" lon="27.048684"></trkpt>
    <trkpt lat="42.906311" lon="27.051139"></trkpt>
    <trkpt lat="42.904409" lon="27.051602"></trkpt>
    <trkpt lat="42.903798" lon="27.054199"></trkpt>
    <trkpt lat="42.901557" lon="27.056146"></trkpt>
    <trkpt lat="42.900661" lon="27.060223"></trkpt>
    <trkpt lat="42.901001" lon="27.063005"></trkpt>
    <trkpt lat="42.900662" lon="27.066529"></trkpt>
    <trkpt lat="42.901557" lon="27.070906"></trkpt>
    <trkpt lat="42.901626" lon="27.075543"></trkpt>
    <trkpt lat="42.902849" lon="27.078325"></trkpt>
    <trkpt lat="42.90343" lon="27.079343"></trkpt>
    <trkpt lat="42.899462" lon="27.080767"></trkpt>
    <trkpt lat="42.897492" lon="27.080211"></trkpt>
    <trkpt lat="42.894911" lon="27.081694"></trkpt>
    <trkpt lat="42.89328" lon="27.084383"></trkpt>
    <trkpt lat="42.890427" lon="27.084105"></trkpt>
    <trkpt lat="42.889748" lon="27.087815"></trkpt>
    <trkpt lat="42.889" lon="27.090782"></trkpt>
    <trkpt lat="42.889068" lon="27.09375"></trkpt>
    <trkpt lat="42.887437" lon="27.094677"></trkpt>
    <trkpt lat="42.886078" lon="27.099684"></trkpt>
    <trkpt lat="42.886281" lon="27.104599"></trkpt>
    <trkpt lat="42.886621" lon="27.108078"></trkpt>
    <trkpt lat="42.889339" lon="27.112343"></trkpt>
    <trkpt lat="42.89097" lon="27.117907"></trkpt>
    <trkpt lat="42.89097" lon="27.12375"></trkpt>
    <trkpt lat="42.891658" lon="27.127554"></trkpt>
    <trkpt lat="42.890774" lon="27.129965"></trkpt>
    <trkpt lat="42.890633" lon="27.136109"></trkpt>
    <trkpt lat="42.890905" lon="27.137917"></trkpt>
    <trkpt lat="42.891891" lon="27.139215"></trkpt>
    <trkpt lat="42.893216" lon="27.138798"></trkpt>
    <trkpt lat="42.893388" lon="27.139864"></trkpt>
    <trkpt lat="42.892845" lon="27.141626"></trkpt>
    <trkpt lat="42.89332" lon="27.144455"></trkpt>
    <trkpt lat="42.893117" lon="27.14617"></trkpt>
    <trkpt lat="42.89349" lon="27.148071"></trkpt>
    <trkpt lat="42.892675" lon="27.150065"></trkpt>
    <trkpt lat="42.892369" lon="27.150714"></trkpt>
    <trkpt lat="42.891692" lon="27.155196"></trkpt>
    <trkpt lat="42.891352" lon="27.157978"></trkpt>
    <trkpt lat="42.890741" lon="27.161965"></trkpt>
    <trkpt lat="42.890367" lon="27.164655"></trkpt>
    <trkpt lat="42.888678" lon="27.167368"></trkpt>
    <trkpt lat="42.887455" lon="27.166719"></trkpt>
    <trkpt lat="42.885926" lon="27.166951"></trkpt>
    <trkpt lat="42.884873" lon="27.167994"></trkpt>
    <trkpt lat="42.882727" lon="27.169896"></trkpt>
    <trkpt lat="42.881357" lon="27.170146"></trkpt>
    <trkpt lat="42.880304" lon="27.169683"></trkpt>
    <trkpt lat="42.879421" lon="27.172372"></trkpt>
    <trkpt lat="42.87796" lon="27.173346"></trkpt>
    <trkpt lat="42.875918" lon="27.173751"></trkpt>
    <trkpt lat="42.875068" lon="27.17542"></trkpt>
    <trkpt lat="42.874763" lon="27.176904"></trkpt>
    <trkpt lat="42.87493" lon="27.179454"></trkpt>
    <trkpt lat="42.87561" lon="27.181724"></trkpt>
    <trkpt lat="42.877038" lon="27.182837"></trkpt>
    <trkpt lat="42.877275" lon="27.184599"></trkpt>
    <trkpt lat="42.880211" lon="27.186246"></trkpt>
    <trkpt lat="42.880483" lon="27.187985"></trkpt>
    <trkpt lat="42.880177" lon="27.190674"></trkpt>
    <trkpt lat="42.877011" lon="27.190098"></trkpt>
    <trkpt lat="42.877419" lon="27.195662"></trkpt>
    <trkpt lat="42.876807" lon="27.199371"></trkpt>
    <trkpt lat="42.873622" lon="27.20546"></trkpt>
    <trkpt lat="42.869381" lon="27.209753"></trkpt>
    <trkpt lat="42.867512" lon="27.210495"></trkpt>
    <trkpt lat="42.866367" lon="27.211361"></trkpt>
    <trkpt lat="42.863647" lon="27.210914"></trkpt>
    <trkpt lat="42.860724" lon="27.211006"></trkpt>
    <trkpt lat="42.858071" lon="27.209708"></trkpt>
    <trkpt lat="42.857187" lon="27.211934"></trkpt>
    <trkpt lat="42.856026" lon="27.21294"></trkpt>
    <trkpt lat="42.855419" lon="27.214994"></trkpt>
    <trkpt lat="42.857391" lon="27.216385"></trkpt>
    <trkpt lat="42.856303" lon="27.21861"></trkpt>
    <trkpt lat="42.856847" lon="27.221392"></trkpt>
    <trkpt lat="42.855649" lon="27.222396"></trkpt>
    <trkpt lat="42.854425" lon="27.220912"></trkpt>
    <trkpt lat="42.854085" lon="27.22221"></trkpt>
    <trkpt lat="42.853184" lon="27.222071"></trkpt>
    <trkpt lat="42.853681" lon="27.223508"></trkpt>
    <trkpt lat="42.853176" lon="27.225102"></trkpt>
    <trkpt lat="42.85089" lon="27.225711"></trkpt>
    <trkpt lat="42.849871" lon="27.225405"></trkpt>
    <trkpt lat="42.850095" lon="27.226228"></trkpt>
    <trkpt lat="42.850697" lon="27.228553"></trkpt>
    <trkpt lat="42.848511" lon="27.228651"></trkpt>
    <trkpt lat="42.849769" lon="27.230227"></trkpt>
    <trkpt lat="42.849905" lon="27.231664"></trkpt>
    <trkpt lat="42.849884" lon="27.233321"></trkpt>
    <trkpt lat="42.848517" lon="27.232914"></trkpt>
    <trkpt lat="42.848114" lon="27.233518"></trkpt>
    <trkpt lat="42.848194" lon="27.234351"></trkpt>
    <trkpt lat="42.847531" lon="27.235641"></trkpt>
    <trkpt lat="42.848114" lon="27.237909"></trkpt>
    <trkpt lat="42.848449" lon="27.238651"></trkpt>
    <trkpt lat="42.848415" lon="27.239485"></trkpt>
    <trkpt lat="42.846886" lon="27.239949"></trkpt>
    <trkpt lat="42.847225" lon="27.240876"></trkpt>
    <trkpt lat="42.84621" lon="27.241957"></trkpt>
    <trkpt lat="42.844697" lon="27.242147"></trkpt>
    <trkpt lat="42.846227" lon="27.24428"></trkpt>
    <trkpt lat="42.844377" lon="27.244345"></trkpt>
    <trkpt lat="42.845275" lon="27.24632"></trkpt>
    <trkpt lat="42.844918" lon="27.246771"></trkpt>
    <trkpt lat="42.843846" lon="27.249334"></trkpt>
    <trkpt lat="42.843966" lon="27.25048"></trkpt>
    <trkpt lat="42.84442" lon="27.252008"></trkpt>
    <trkpt lat="42.843694" lon="27.25354"></trkpt>
    <trkpt lat="42.841262" lon="27.258961"></trkpt>
    <trkpt lat="42.840525" lon="27.262536"></trkpt>
    <trkpt lat="42.839175" lon="27.264427"></trkpt>
    <trkpt lat="42.837674" lon="27.263775"></trkpt>
    <trkpt lat="42.838556" lon="27.264879"></trkpt>
    <trkpt lat="42.839102" lon="27.266279"></trkpt>
    <trkpt lat="42.839508" lon="27.26703"></trkpt>
    <trkpt lat="42.837805" lon="27.266905"></trkpt>
    <trkpt lat="42.838082" lon="27.267484"></trkpt>
    <trkpt lat="42.838823" lon="27.270668"></trkpt>
    <trkpt lat="42.837057" lon="27.273403"></trkpt>
    <trkpt lat="42.83665" lon="27.276569"></trkpt>
    <trkpt lat="42.83495" lon="27.280089"></trkpt>
    <trkpt lat="42.833998" lon="27.282546"></trkpt>
    <trkpt lat="42.832026" lon="27.282917"></trkpt>
    <trkpt lat="42.832366" lon="27.286528"></trkpt>
    <trkpt lat="42.834335" lon="27.290079"></trkpt>
    <trkpt lat="42.836893" lon="27.293436"></trkpt>
    <trkpt lat="42.83723" lon="27.296681"></trkpt>
    <trkpt lat="42.837026" lon="27.301596"></trkpt>
    <trkpt lat="42.835937" lon="27.305674"></trkpt>
    <trkpt lat="42.834676" lon="27.308602"></trkpt>
    <trkpt lat="42.835795" lon="27.310039"></trkpt>
    <trkpt lat="42.8376" lon="27.312712"></trkpt>
    <trkpt lat="42.839045" lon="27.314212"></trkpt>
    <trkpt lat="42.839783" lon="27.316583"></trkpt>
    <trkpt lat="42.841382" lon="27.320715"></trkpt>
    <trkpt lat="42.841348" lon="27.321457"></trkpt>
    <trkpt lat="42.840396" lon="27.322384"></trkpt>
    <trkpt lat="42.840463" lon="27.324558"></trkpt>
    <trkpt lat="42.840464" lon="27.32614"></trkpt>
    <trkpt lat="42.841891" lon="27.329473"></trkpt>
    <trkpt lat="42.842707" lon="27.331251"></trkpt>
    <trkpt lat="42.843387" lon="27.336907"></trkpt>
    <trkpt lat="42.845291" lon="27.34479"></trkpt>
    <trkpt lat="42.846039" lon="27.347664"></trkpt>
    <trkpt lat="42.844479" lon="27.354188"></trkpt>
    <trkpt lat="42.842099" lon="27.360958"></trkpt>
    <trkpt lat="42.842847" lon="27.364389"></trkpt>
    <trkpt lat="42.838767" lon="27.369675"></trkpt>
    <trkpt lat="42.837135" lon="27.37357"></trkpt>
    <trkpt lat="42.834959" lon="27.377743"></trkpt>
    <trkpt lat="42.832796" lon="27.382134"></trkpt>
    <trkpt lat="42.832048" lon="27.385472"></trkpt>
    <trkpt lat="42.830824" lon="27.385936"></trkpt>
    <trkpt lat="42.830552" lon="27.391036"></trkpt>
    <trkpt lat="42.829872" lon="27.395766"></trkpt>
    <trkpt lat="42.829872" lon="27.398548"></trkpt>
    <trkpt lat="42.828072" lon="27.401"></trkpt>
    <trkpt lat="42.826644" lon="27.405359"></trkpt>
    <trkpt lat="42.82474" lon="27.411293"></trkpt>
    <trkpt lat="42.824463" lon="27.416407"></trkpt>
    <trkpt lat="42.826162" lon="27.418959"></trkpt>
    <trkpt lat="42.825002" lon="27.424709"></trkpt>
    <trkpt lat="42.825728" lon="27.427693"></trkpt>
    <trkpt lat="42.82617" lon="27.431217"></trkpt>
    <trkpt lat="42.825864" lon="27.434787"></trkpt>
    <trkpt lat="42.825898" lon="27.437757"></trkpt>
    <trkpt lat="42.82634" lon="27.440075"></trkpt>
    <trkpt lat="42.826748" lon="27.443599"></trkpt>
    <trkpt lat="42.826372" lon="27.448545"></trkpt>
    <trkpt lat="42.826762" lon="27.450058"></trkpt>
    <trkpt lat="42.82734" lon="27.451171"></trkpt>
    <trkpt lat="42.828071" lon="27.453026"></trkpt>
    <trkpt lat="42.829383" lon="27.455"></trkpt>
    <trkpt lat="42.82974" lon="27.455673"></trkpt>
    <trkpt lat="42.829995" lon="27.45973"></trkpt>
    <trkpt lat="42.830577" lon="27.462631"></trkpt>
    <trkpt lat="42.831325" lon="27.46386"></trkpt>
    <trkpt lat="42.83328" lon="27.465592"></trkpt>
    <trkpt lat="42.833382" lon="27.466241"></trkpt>
    <trkpt lat="42.83345" lon="27.468026"></trkpt>
    <trkpt lat="42.834122" lon="27.472115"></trkpt>
    <trkpt lat="42.834326" lon="27.473877"></trkpt>
    <trkpt lat="42.834921" lon="27.475221"></trkpt>
    <trkpt lat="42.835453" lon="27.477125"></trkpt>
    <trkpt lat="42.835268" lon="27.478215"></trkpt>
    <trkpt lat="42.83537" lon="27.478934"></trkpt>
    <trkpt lat="42.834996" lon="27.479977"></trkpt>
    <trkpt lat="42.834915" lon="27.48275"></trkpt>
    <trkpt lat="42.83483" lon="27.483816"></trkpt>
    <trkpt lat="42.833872" lon="27.485333"></trkpt>
    <trkpt lat="42.832749" lon="27.48633"></trkpt>
    <trkpt lat="42.832512" lon="27.487909"></trkpt>
    <trkpt lat="42.831696" lon="27.488744"></trkpt>
    <trkpt lat="42.830931" lon="27.489312"></trkpt>
    <trkpt lat="42.830074" lon="27.490133"></trkpt>
    <trkpt lat="42.82932" lon="27.490732"></trkpt>
    <trkpt lat="42.828827" lon="27.491428"></trkpt>
    <trkpt lat="42.828334" lon="27.492842"></trkpt>
    <trkpt lat="42.828113" lon="27.493932"></trkpt>
    <trkpt lat="42.827926" lon="27.494627"></trkpt>
    <trkpt lat="42.827977" lon="27.495415"></trkpt>
    <trkpt lat="42.827297" lon="27.49628"></trkpt>
    <trkpt lat="42.825937" lon="27.497022"></trkpt>
    <trkpt lat="42.82529" lon="27.497578"></trkpt>
    <trkpt lat="42.824848" lon="27.498228"></trkpt>
    <trkpt lat="42.82432" lon="27.499674"></trkpt>
    <trkpt lat="42.823789" lon="27.500745"></trkpt>
    <trkpt lat="42.823942" lon="27.502229"></trkpt>
    <trkpt lat="42.823286" lon="27.504316"></trkpt>
    <trkpt lat="42.823575" lon="27.505567"></trkpt>
    <trkpt lat="42.823201" lon="27.506935"></trkpt>
    <trkpt lat="42.823218" lon="27.508581"></trkpt>
    <trkpt lat="42.823237" lon="27.509959"></trkpt>
    <trkpt lat="42.823373" lon="27.511559"></trkpt>
    <trkpt lat="42.823288" lon="27.513159"></trkpt>
    <trkpt lat="42.823713" lon="27.514851"></trkpt>
    <trkpt lat="42.823798" lon="27.515616"></trkpt>
    <trkpt lat="42.82527" lon="27.51651"></trkpt>
    <trkpt lat="42.826052" lon="27.517322"></trkpt>
    <trkpt lat="42.826596" lon="27.517832"></trkpt>
    <trkpt lat="42.82629" lon="27.518921"></trkpt>
    <trkpt lat="42.826018" lon="27.520243"></trkpt>
    <trkpt lat="42.825746" lon="27.52117"></trkpt>
    <trkpt lat="42.825695" lon="27.522422"></trkpt>
    <trkpt lat="42.825607" lon="27.523459"></trkpt>
    <trkpt lat="42.825165" lon="27.525451"></trkpt>
    <trkpt lat="42.824621" lon="27.527121"></trkpt>
    <trkpt lat="42.824434" lon="27.527886"></trkpt>
    <trkpt lat="42.824689" lon="27.529671"></trkpt>
    <trkpt lat="42.824877" lon="27.531742"></trkpt>
    <trkpt lat="42.825167" lon="27.532855"></trkpt>
    <trkpt lat="42.825779" lon="27.534153"></trkpt>
    <trkpt lat="42.826476" lon="27.535127"></trkpt>
    <trkpt lat="42.828158" lon="27.535612"></trkpt>
    <trkpt lat="42.829486" lon="27.5364"></trkpt>
    <trkpt lat="42.830251" lon="27.537165"></trkpt>
    <trkpt lat="42.831838" lon="27.537908"></trkpt>
    <trkpt lat="42.832705" lon="27.538905"></trkpt>
    <trkpt lat="42.83313" lon="27.539717"></trkpt>
    <trkpt lat="42.833708" lon="27.540922"></trkpt>
    <trkpt lat="42.836718" lon="27.541053"></trkpt>
    <trkpt lat="42.837211" lon="27.542005"></trkpt>
    <trkpt lat="42.837551" lon="27.54328"></trkpt>
    <trkpt lat="42.837465" lon="27.545158"></trkpt>
    <trkpt lat="42.83653" lon="27.54641"></trkpt>
    <trkpt lat="42.835253" lon="27.547453"></trkpt>
    <trkpt lat="42.83425" lon="27.549053"></trkpt>
    <trkpt lat="42.833366" lon="27.550003"></trkpt>
    <trkpt lat="42.83293" lon="27.551707"></trkpt>
    <trkpt lat="42.832862" lon="27.553446"></trkpt>
    <trkpt lat="42.832964" lon="27.55493"></trkpt>
    <trkpt lat="42.83355" lon="27.557441"></trkpt>
    <trkpt lat="42.833873" lon="27.559852"></trkpt>
    <trkpt lat="42.834502" lon="27.560895"></trkpt>
    <trkpt lat="42.834604" lon="27.561846"></trkpt>
    <trkpt lat="42.834994" lon="27.563775"></trkpt>
    <trkpt lat="42.835538" lon="27.565513"></trkpt>
    <trkpt lat="42.835227" lon="27.566871"></trkpt>
    <trkpt lat="42.835431" lon="27.567984"></trkpt>
    <trkpt lat="42.835363" lon="27.569328"></trkpt>
    <trkpt lat="42.835873" lon="27.570858"></trkpt>
    <trkpt lat="42.836825" lon="27.572157"></trkpt>
    <trkpt lat="42.838219" lon="27.573269"></trkpt>
    <trkpt lat="42.838253" lon="27.575263"></trkpt>
    <trkpt lat="42.837573" lon="27.57735"></trkpt>
    <trkpt lat="42.837607" lon="27.580178"></trkpt>
    <trkpt lat="42.836553" lon="27.581894"></trkpt>
    <trkpt lat="42.835876" lon="27.585216"></trkpt>
    <trkpt lat="42.835468" lon="27.590596"></trkpt>
    <trkpt lat="42.835329" lon="27.594059"></trkpt>
    <trkpt lat="42.834286" lon="27.597283"></trkpt>
    <trkpt lat="42.83585" lon="27.603589"></trkpt>
    <trkpt lat="42.834898" lon="27.608318"></trkpt>
    <trkpt lat="42.832178" lon="27.610173"></trkpt>
    <trkpt lat="42.828436" lon="27.609153"></trkpt>
    <trkpt lat="42.827076" lon="27.61212"></trkpt>
    <trkpt lat="42.825239" lon="27.61583"></trkpt>
    <trkpt lat="42.823675" lon="27.62093"></trkpt>
    <trkpt lat="42.822111" lon="27.623807"></trkpt>
    <trkpt lat="42.822043" lon="27.626774"></trkpt>
    <trkpt lat="42.823131" lon="27.628629"></trkpt>
    <trkpt lat="42.822444" lon="27.631364"></trkpt>
    <trkpt lat="42.820948" lon="27.636649"></trkpt>
    <trkpt lat="42.817131" lon="27.639339"></trkpt>
    <trkpt lat="42.815665" lon="27.642655"></trkpt>
    <trkpt lat="42.813965" lon="27.646643"></trkpt>
    <trkpt lat="42.81308" lon="27.648405"></trkpt>
    <trkpt lat="42.808342" lon="27.650784"></trkpt>
    <trkpt lat="42.804134" lon="27.649375"></trkpt>
    <trkpt lat="42.800507" lon="27.650733"></trkpt>
    <trkpt lat="42.799862" lon="27.652374"></trkpt>
    <trkpt lat="42.798842" lon="27.653858"></trkpt>
    <trkpt lat="42.798842" lon="27.652282"></trkpt>
    <trkpt lat="42.797343" lon="27.654071"></trkpt>
    <trkpt lat="42.796457" lon="27.654164"></trkpt>
    <trkpt lat="42.795505" lon="27.653557"></trkpt>
    <trkpt lat="42.79527" lon="27.654169"></trkpt>
    <trkpt lat="42.794691" lon="27.654322"></trkpt>
    <trkpt lat="42.790411" lon="27.660895"></trkpt>
    <trkpt lat="42.786914" lon="27.666533"></trkpt>
    <trkpt lat="42.784937" lon="27.670075"></trkpt>
    <trkpt lat="42.779356" lon="27.672403"></trkpt>
    <trkpt lat="42.776157" lon="27.673609"></trkpt>
    <trkpt lat="42.776227" lon="27.677734"></trkpt>
    <trkpt lat="42.77691" lon="27.681814"></trkpt>
    <trkpt lat="42.776502" lon="27.684596"></trkpt>
    <trkpt lat="42.777863" lon="27.687286"></trkpt>
    <trkpt lat="42.777795" lon="27.690717"></trkpt>
    <trkpt lat="42.775209" lon="27.690346"></trkpt>
    <trkpt lat="42.773303" lon="27.693777"></trkpt>
    <trkpt lat="42.770988" lon="27.69387"></trkpt>
    <trkpt lat="42.771158" lon="27.696468"></trkpt>
    <trkpt lat="42.774017" lon="27.698972"></trkpt>
    <trkpt lat="42.773132" lon="27.703052"></trkpt>
    <trkpt lat="42.772655" lon="27.708754"></trkpt>
    <trkpt lat="42.772976" lon="27.71015"></trkpt>
    <trkpt lat="42.774288" lon="27.71098"></trkpt>
    <trkpt lat="42.77354" lon="27.713298"></trkpt>
    <trkpt lat="42.771328" lon="27.720323"></trkpt>
    <trkpt lat="42.772621" lon="27.725331"></trkpt>
    <trkpt lat="42.773098" lon="27.727742"></trkpt>
    <trkpt lat="42.769218" lon="27.732657"></trkpt>
    <trkpt lat="42.765541" lon="27.736459"></trkpt>
    <trkpt lat="42.764084" lon="27.738096"></trkpt>
    <trkpt lat="42.763295" lon="27.740539"></trkpt>
    <trkpt lat="42.763366" lon="27.7439"></trkpt>
    <trkpt lat="42.764551" lon="27.745125"></trkpt>
    <trkpt lat="42.763257" lon="27.74735"></trkpt>
    <trkpt lat="42.763255" lon="27.747827"></trkpt>
    <trkpt lat="42.763592" lon="27.749189"></trkpt>
    <trkpt lat="42.763315" lon="27.749848"></trkpt>
    <trkpt lat="42.762996" lon="27.750717"></trkpt>
    <trkpt lat="42.762522" lon="27.751067"></trkpt>
    <trkpt lat="42.763082" lon="27.751515"></trkpt>
    <trkpt lat="42.764257" lon="27.751816"></trkpt>
    <trkpt lat="42.764733" lon="27.753581"></trkpt>
    <trkpt lat="42.764804" lon="27.756959"></trkpt>
    <trkpt lat="42.766302" lon="27.758721"></trkpt>
    <trkpt lat="42.765758" lon="27.761967"></trkpt>
    <trkpt lat="42.769434" lon="27.759649"></trkpt>
    <trkpt lat="42.772089" lon="27.763543"></trkpt>
    <trkpt lat="42.771404" lon="27.76716"></trkpt>
    <trkpt lat="42.772153" lon="27.768189"></trkpt>
    <trkpt lat="42.774331" lon="27.768097"></trkpt>
    <trkpt lat="42.775624" lon="27.77162"></trkpt>
    <trkpt lat="42.771676" lon="27.778854"></trkpt>
    <trkpt lat="42.768473" lon="27.784191"></trkpt>
    <trkpt lat="42.765273" lon="27.786695"></trkpt>
    <trkpt lat="42.763094" lon="27.789291"></trkpt>
    <trkpt lat="42.761174" lon="27.79577"></trkpt>
    <trkpt lat="42.757906" lon="27.801612"></trkpt>
    <trkpt lat="42.755082" lon="27.806619"></trkpt>
    <trkpt lat="42.751708" lon="27.811633"></trkpt>
    <trkpt lat="42.747759" lon="27.8146"></trkpt>
    <trkpt lat="42.74638" lon="27.817378"></trkpt>
    <trkpt lat="42.74529" lon="27.821458"></trkpt>
    <trkpt lat="42.742364" lon="27.826558"></trkpt>
    <trkpt lat="42.740457" lon="27.82934"></trkpt>
    <trkpt lat="42.737119" lon="27.831659"></trkpt>
    <trkpt lat="42.735144" lon="27.835461"></trkpt>
    <trkpt lat="42.735677" lon="27.842511"></trkpt>
    <trkpt lat="42.735127" lon="27.846582"></trkpt>
    <trkpt lat="42.735266" lon="27.849178"></trkpt>
    <trkpt lat="42.73152" lon="27.853166"></trkpt>
    <trkpt lat="42.729408" lon="27.855484"></trkpt>
    <trkpt lat="42.728659" lon="27.860492"></trkpt>
    <trkpt lat="42.727767" lon="27.863923"></trkpt>
    <trkpt lat="42.728115" lon="27.865157"></trkpt>
    <trkpt lat="42.727638" lon="27.866731"></trkpt>
    <trkpt lat="42.725695" lon="27.869791"></trkpt>
    <trkpt lat="42.723781" lon="27.871846"></trkpt>
    <trkpt lat="42.720579" lon="27.874906"></trkpt>
    <trkpt lat="42.720927" lon="27.876748"></trkpt>
    <trkpt lat="42.722039" lon="27.877969"></trkpt>
    <trkpt lat="42.719899" lon="27.878363"></trkpt>
    <trkpt lat="42.719178" lon="27.880288"></trkpt>
    <trkpt lat="42.717202" lon="27.884553"></trkpt>
    <trkpt lat="42.715911" lon="27.884334"></trkpt>
    <trkpt lat="42.714621" lon="27.885464"></trkpt>
    <trkpt lat="42.713593" lon="27.887642"></trkpt>
    <trkpt lat="42.712646" lon="27.888617"></trkpt>
    <trkpt lat="42.712001" lon="27.890621"></trkpt>
    <trkpt lat="42.71132" lon="27.890806"></trkpt>
    <trkpt lat="42.710536" lon="27.891455"></trkpt>
    <trkpt lat="42.709787" lon="27.893543"></trkpt>
    <trkpt lat="42.70883" lon="27.894273"></trkpt>
    <trkpt lat="42.707504" lon="27.894656"></trkpt>
    <trkpt lat="42.704946" lon="27.896777"></trkpt>
    <trkpt lat="42.705373" lon="27.898087"></trkpt>
  </trkseg>
</trk></gpx>
